Post#,Post,Relevance,Sentiment,AD
388720,L'OREAL 欧莱雅卷烫修复洗发露 200ml ，9.9元，仅部分地区有货。来自1号店  http://t.cn/zQNNk5p,Y,NEU,AD
597472,洗毛+顺毛完终于能看了……#有飘柔，就是这么自信#   @苍玄老爷爱养猫 @风起建章 @紫色砒霜 看我的劳动成果,Y,POS,
424480,我试用了潘婷时光修护洗发露，我觉得：很喜欢这个产品，永久秀发再也不枯燥了。非常好 （分享自 @喜试网） http://t.cn/8sizMhy,Y,POS,AD
644551,奔波了一天，我这鞋子和袜子，哎！！！@飘柔m 我在:http://t.cn/zTRzNCb,N,,
863790,我觉得这个论人吧，如果你买的不是假货，那应该就是不适合你用 　　我一向没头屑的，用了海飞丝那头屑一片一片的。。。 　　施华蔻我也用不了，尤其是秋冬的时候用施华蔻，一直起静电，头发毛毛的短点的都竖起来了~,Y,"Head&shoulders=neu
 Schwarzkopf=neu",
488512,@小妻妻妻妻妻  潘婷姐姐，生日快乐！一切都顺了，少点烦恼，多点乐，没必要为一些不值得的人或事纠结太多，想太多，做好自己的事就好。[蛋糕][干杯][笑哈哈],N,,
635543,洗洗睡，这盘算是破纪录咯@wujj99 @唐僧洗头爱飘柔zl @陳工有点忙 ……,N,,
986988,披萨我没有…用抽到的沙宣旅行套装和你换一个优惠码？,Y,NEU,AD
848999,ddddddddddddddddddddddddddddddddddddddddddddddddddddddddddddddddddd,SPAM,,
48617,亚马逊中国：6月8日 Z秒杀 值得关注商品，购买俩接在此http://t.cn/zHWDASr。 8点：摩恩大双槽水槽+净铅厨房龙头+装饰盖+沥水篮+切菜板，天王全钢情侣石英女表，清扬男士去屑洗发露400ml赠100ml*2瓶，洗之朗洁身器，耐克AIR MAX运动鞋，摩恩大面板手持花洒水呼吸淋浴花洒套装，,Y,NEU,AD
395584,"【GF时尚造型优惠券】>>凭此券仅需88元！[给力] 尊享原价880元的欧莱雅烫/染套餐：洗剪吹+欧莱雅探索系列烫/染（2选1）+欧莱雅深层烫后护理1次〔沙坪坝融汇新时代楼上14-31，杨家坪西城天街B座8-16，南坪万达广场时尚楼4栋10-17〕领取免费→http://t.cn/zjxQS55 提升个人魅力,打造你的专属发型!",N,,
758966,给大家推荐个超好用的洗发护发套组！吕棕色洗护套装(400ml洗发+400ml护发)，超给力！黄色为新款不同颜色功效不一哦！，韩国第一最强洗发首选～用完爽翻！我姐我妹闺蜜都在用！绝对完爆沙宣，多芬，力士，丝蕴，施华蔻等牌子。亲身体验！只有用过才知道！ 😜 😜微信NNShop888,Y,NEU,AD
308472,【视频巴黎欧莱雅奇焕润发精油—李冰冰篇30秒 标清—在线播放—优酷网，视频高清在线观看】巴黎欧莱雅奇焕润发精油&mdash;李冰冰篇30秒 标清   http://t.cn/8kmUSZl （分享自 @优酷网）,Y,AMBIGUOUS,
419496,"真的假的  无硅洗发水推荐 你还在用飘柔潘婷这些假顺滑的洗发水吗？,相关链接:http://t.cn/8sdYOKu",Y,"Rejoice=NEG
 Pantene=NEG",
375037,#欧莱雅奇焕润发精油#转发给好友，宣传你们的好活动，让小编保佑我中次奖吧[给力]  地址：http://t.cn/zROCjIS,Y,NEU,AD
492772,#闺蜜送福利#潘婷首创高端护发领域的滴管状修护精华。让心爱的发丝享受臻致护养。每一滴都蕴含亿万个微胶原臻致修护因子，10倍于普通护发品的修护，支持@光脚的小狐狸远 @漫步一生路孝 @cassileve斐,Y,POS,
672521,自从把那两瓶沙宣用完了，换回了我的施华蔻，头发好得不得了。这次还用的是给damaged hair用的，所以头发每天都又亮有顺又滑！给施华蔻点一百个赞！,Y,"Vidal Sassoon=NEU
 Schwarzkopf=POS",
710842,#热销单#【市中区】仅售9.6元！价值30元的施华蔻旗舰店洗剪吹套餐，男女不限，美丽自己来绽放。 http://t.cn/z8MmVT8,N,,
663742,亲爱的朋友们 我在唯品会买了施华蔻品牌的商品，现在才10折喔，机不可失失不再来，赶紧来这里看看有没有你喜欢的吧！http://t.cn/RPlpvDK,Y,NEU,AD
836100,我家的用飘柔，我还在用沙宣，嫌弃死,Y,"Rejoice=ambiguous
 Vidal Sassoon=ambiguous",
734462,这几天看着这个报价穷的，蛮受打击的…想快速系统的成为沙宣国际大师是需要最低消费15w…在加钱钱钱堆积而成的。只能在走弯路了,N,,
414815,【视频我的发型我决定 周迅代言潘婷广告-广告视频-爱奇艺】 http://t.cn/zTgJm5H（分享自 @爱奇艺）,Y,NEU,Official ad quota
744601,沙宣给人的感觉就是有活力积极向上的。,N,,
16593,我在@米折网 #超值爆料# 上发现这个好东西 ：清扬 男士洗发露 清爽控油型 750ml http://t.cn/8s7ILaR,Y,NEU,AD
369177,因为我是染烫的头发，发梢非常枯，但是抹了欧莱雅奇焕润发精油真的很有光泽呢,Y,POS,
349359,有了欧莱雅护发土豪金是不是就能随意烫染头发了呢,Y,NEU,
833860,潘婷乳液修护洗护优惠装2件组合 洗发露500ml+护发素500ml，目前飞飞商城29.9元，京东单瓶34.8元。两瓶这个价格是不错了，需要买洗发水的可以考虑。,Y,NEU,AD
805375,手机挡到脸了,N,,
257080,周末购入品流水帐📦家姐推荐给我的这套Argelan海藻洗护发，说洗完头发会变超蓬松、味道也清香好闻～欧莱雅的发油、我在柜台试了下回家一路上都在摸头发好柔顺根本停不下来！入的节奏刚好发油也用完。还有个价格有点贵但好评挺多的眼药水。[照相机]最后新相机已买好明天视频录起来（CasioZR50）[来],Y,POS,
796081,哈哈，沙宣北鼻好有型 //@JongDaeaaaaaa_:比甜甜的短一些。 //@我是倩倩的SO姐姐:跟朴有天Mirotic的造型好似！！！@-6002mosquito蚊蚊子-,N,,
263580,发源地六月烫染节，欧莱雅466烫一送一。活动详情可以咨询本人，为您私人定制您的专属发型。电话：15813738065Andy 期待您得光临！[微笑],N,,
727849,"施华蔻 品牌NO.1谢谢主办方提供如此好礼。,, 地址：http://t.cn/zT62bhz",Y,NEU,AD
303194,头发干枯毛躁没有光泽，请你相信巴黎欧莱雅，值得信赖#新年非凡Show发随手拍#,Y,POS,
875710,顶顶顶！ →_→从小立志做一个有趣的人，没想到，长大了，跑偏了，变成了逗比⊙▽⊙ 　　　--来自海飞丝清凉油客户端,N,,
216815,#宝洁官方#海飞丝洗发水，去屑只选它~~~>>>http://t.cn/zQrzmGo[猪头],Y,POS,Official ad quota
779194,沙宣总是有无线的灵感和创造力,N,,
706934,#12.12施华蔻4折起#希望下一个幸运儿就是me  地址：http://t.cn/8kM1XQK,Y,NEU,AD
744943,贾诗婷•碧波、萝卜特•帕丁森、娜塔莉•啵特慢亲自上门为你送来美发大礼包，想不上头条都难！！@1号店 购买任何沙宣潘婷海飞丝发水，“明星”送货，生活瞬间高大洋，隔壁邻居投来羡慕嫉妒恨的目光，微博里被点赞点到无敌爽！详情戳：http://t.cn/z8ofDWu  http://t.cn/RPSfy04,Y,NEU,AD
868592,谭子夜：奇葩“安全帽”呼...,N,,
977440,潘婷丝质顺滑洗发水750ML/男士领带/靠...,Y,NEU,AD
288707,#我的欧莱雅秀发非凡时刻# @邹邹zoe 头发静电严重，还有分叉，想尝试有效的保养品,Y,AMBIGUOUS,
431792,从来不知道潘婷背后有这样的励志故事//@跑步指南: 转发微博,Y,NEU,Official ad quota
965367,薇卡芙秋冬新款 针织加厚围脖 拍下9.9元包邮点此去购买 全国大部分地区包邮，分为烫钻和不烫钻的2种，多色可选 百丽、茵奈儿等品牌 鞋、靴、包专场 399元任选2件包邮点此去购买 优购网（百丽旗下电商网站），优购推出鞋、靴、包专场，全场399元任选两件，参加活动的有百丽、天美意、他她、森达、茵奈儿等品牌，大家捡贵的，品牌好的购买，还是不少好价。 施华蔻金致润养亮采精华液80ml 39元包邮点此去购买 京东自营，适用干枯发质，珍稀成分浸润每一根发丝，深透滋养，至美柔滑，由芯绽放，赠送施华蔻（Sch,Y,NEU,AD
734654,不买沙宣。 //@看见中国梦:默默的[蜡烛]@沙宣VidalSassoon  恭喜请了个鸡妇代盐，走好[心],Y,NEG,
844927,求助！头发硬而且毛躁。有些掉发。。两年前烫染过两次。。。目前再用施华蔻蓝瓶的那个。。求推荐。合适的洗发护发发膜等,Y,NEU,
658394,我最近在唯品会购买了“施华蔻Schwarzkopf日化线洗护专场.精油润养丰盈洗发露 200ML”，原价21元，现在才21.00元，非常不错，推荐给你，快去看看吧！！！ http://t.cn/RhQMCbU,Y,NEU,AD
421604,武术的区分。上单就是外家拳，刚猛能抗打脆皮！中单就是散打，前期霸道秒人！ADC就是内家拳，前期爆发不够，中期总躲最后，后期→_→那跆拳道呢，辅助啊逗比～我的解释高大上不？@丨羅傑丶 @傅飞翔 @KtktkR @不用潘婷 @聪Zz @南华工商学院_武术协会  [害羞][害羞] 我在:http://t.cn/8sH7TAD,N,,
303260,#新年非凡Show发随手拍# 看到街上那么多的美女都顶着一头靓丽的秀发，真想马上拥有传说中的神器，巴黎欧莱雅[ppb鼓掌],Y,NEU,AD
328538,感觉用过欧莱雅护发土豪金之后，头发变得很丝滑!欧莱雅护发土豪金//@全球时尚趋势: 秀发就要SHOW出来！用#欧莱雅护发土豪金#，无论干发、湿发还是吹发，随时随地一涂一抹，给秀发深层呵护，养出非凡致美的秀发！,Y,POS,
603732,#多乐的第一次#46天洗飘柔，28天喝粥水，喝三次金银花藤水，一次茅根水（去热毒），奶藓涂了婴爽凝胶，菊花洗脸，苦瓜金银花藤洗澡，62天吃了保婴丹。（受惊易醒）只希望上面的东西对宝宝都没有伤害！,Y,AMBIGUOUS,
821881,. ⿻ @大碗饭饭 @fly小草尼 @_Trajectory__ @追逐c丶 @唐曾喜欢海飞丝 &nbsp.,N,,
144747,敏峰荣获本年度最佳SB@JOCELYN30 @陈丶宜泽 @王思佳的_ @林顺达 @陈-敏-锋 @因为海飞丝 @alive莲香 @我是艺荣 @潘一梅-  我在:http://t.cn/8FYj9to,N,,
412410,【视频：潘婷泰国励志广告（中文字幕）】 （分享自 @优酷） http://t.cn/h0CYd,Y,NEU,Official ad quota
245047,回复@李馨瑜waiting:色彩体验是这样的，欧莱雅专业party颜色，瞬间给头发上色，不喜欢的话 洗头两到三次就可以洗掉~http://t.cn/RZyaLAQ //@李馨瑜waiting:色彩体验是几个意思？,N,,
983763,我只有一瓶舒肤佳，伤心,N,,
877690,"每年都要烫染好几次头发的我，每天顶着一头“瞬间即燃”的头发，可又舍不得剪掉这一头乱发。为了拯救咱的乱发，便入手了潘婷新上市的乳液修护系列，据说蕴含2倍维他命原，精准修护秀发损伤，马上就试了试！ screen.width*0.7) this.width=screen.width*0.7;"" onmouseover=""if(this.width>screen.width*0.7) this.width=screen.width*0.7;"" onmousewheel=""return imgzoom(t",Y,NEU,AD
493992,8错8错 我喜欢 支持你没道理 @　如何才能自我救赎zxt5 @　超级波菲孟 @　sunshine潘婷  地址：http://t.cn/zHmEpqa,N,,
123282,lush的海水正蓝洗了比海飞丝还痒，而且头皮里面长了好多包，我他么甚至怀疑是不是买到假的了。。。。，，→_→终于要用完了，还是换回和谐好了，海水正蓝不是蓬松吗！蓬你妹啊卧槽,Y,NEG,
807760,洗发护发我的头发二十几岁的时候非常爱染烫，两月三次染烫，完全发芯空洞，干枯，认识了老公后他说让我把头发留长慢慢把以前的黄毛剪掉，留到了现在的披肩长发。1阿瓦隆b族洗发水护发素跟传统超市那种洗发水很不一样，透明的雪碧味道，泡沫小小的，洗完头发涩涩的，但洗完再护发头发也很柔顺，不假滑，冬天可能还是太干，发质受损严重的可能不适合，！掉发现象有好转，以前洗完头发，在下水口那儿总是盘着一堆的头发，感觉头发强韧了，不像以前那么软，那么脆弱。但是如果是长发的估计很难梳头吧~~ 我头发太长了，用了两套后换其他滋,N,,
277240,#我的欧莱雅秀发非凡时刻#@兴盛大道糖糖@LD962464 @嘟嘟妈时尚b廉作为女生有一头乌黑亮丽的长发是多么幸福的一件事！,Y,AMBIGUOUS,
77074,知道今天七夕是个甜蜜蜜的日纸，你们就疯狂的秀恩爱吧！但是也不能剥夺别人祝（fu）福（hei）的权利！@海飞丝实力派 为诸位情侣和优（dan）秀（shen）青年准备了#最虐心情歌#大餐，精选来音乐自#我的青春高八度#，献给自己还是送给别人？由你来选！现在参与还有奖品等着你哦！ http://t.cn/RPJkg0F,N,,
504180,“丑小鸭变白天鹅？一个聋子想学拉小提琴...你秀逗了吗？你干嘛不学点别的，你这是在浪费时间，你还在学拉小提琴吗？”唯美创意广告微电影，泰国卡农潘婷广告。 http://t.cn/zTbxhAf,Y,NEU,Official ad quota
713877,吹风吹得再好也不行啊，开来关键时刻还得靠施华蔻，很好的广告哦//@可爱的家乡阜城: 转发微博,Y,POS,Official ad quota
601264,分享：“　　9品牌洗发水检测报告一：防腐剂含量清扬和飘柔较高 恐易引发皮肤过敏 　　作者：记者 王敏兰 　　精致的妆容，时尚的服饰，却有一头脏乱粗糙的头发，再好的形象也会大大减分。清洁头发，为自己的形象加分究竟要挑选哪一款安全合适的洗发水？这是很多消http://t.cn/8sYC1PY,Y,"Clear=neg
 Rejoice=neg",AD
439019,我正在 @百度视频 看# 体操美少女孙妍在 俏皮热舞代言潘婷# http://t.cn/8F9ZZZo，手机也能看高清，猛戳这里下载百度视频手机版 http://t.cn/8k4Alyc http://t.cn/8F9Zz3j,Y,NEU,Official ad quota
818393,出国快八年 一直用 海飞丝 。有一点很重要 洗头要勤快 最好两天一次来自: 华人街iPhone版,Y,POS,
1988,#清扬胜利足球#【第36期 蓝月杀手&国家德比经典】曼城陷入困境，阿圭罗的表现至关重要。http://t.cn/R7MPt5t 红蓝大战，鹿死谁手？http://t.cn/R7MPcbO 十佳球。http://t.cn/R7MPCtu 回顾国家德比，齐达内，大罗，劳尔，欧文的进球，你还记得吗？http://t.cn/R7MPoKB 专题-->http://t.cn/R7MhqZY,N,,
46939,#感恩有我 悦享亲情#对TA竖起大拇指，牵着TA的手去旅行！没有什么能够阻挡，你们对旅行的向往！建行悦生活，7月巨献——专属旅行卡，助你们去看最美的风景！ @Clear清扬   http://t.cn/zTYHekh,N,,
792464,@Mandy咚咚 @落牙小姐 @小羊小姐OVO 我上次在仙林附近的沙宣剪了个锅盖,N,,
576465,分享@唐僧冼发用飘柔柔柔 的MV“”快来看看>> http://t.cn/RPPZJx4  （分享自 @美拍）,N,,
221003,#海飞丝丝源复活井柏然上海见面会# #井柏然# @井柏然资讯直通车,N,,
840604,顶,N,,
406711,太给力了！我在#福利大放送#有奖活动中获得了由@时尚健康TV 提供的“潘婷乳液修护系列洗发露+护发素”(1件)。原创或转发带有#福利大放送#的微博即可参与抽奖，惊喜好礼等你赢。马上抽奖：http://t.cn/z89zAw5,Y,NEU,AD
742539,这款洗发水，我只推荐给染烫，拉直后发质受损，无营养的。因为真的特别有针对性。发质好的，洗平常沙宣，资生堂，欧莱雅等等这些牌子就行了。有意者联系[心],Y,"vidal Sassoon=NEU
 L'Oreal=NEU",AD
642049,哎。。。。可爱的小闷墩儿'下个星期惨了'中午先要被@DJ雨小轩 在财富大玩家里面用飘柔洗一盘'接下来在财富名人八卦里面瘪瘪要被@DJ洋老师 用潘婷再洗一盘'如果财富V生活还是@蕴孜孜 上的话'那就破纪录了'@主持人李晶磊 用海飞丝来扫尾''可怜的小闷墩儿[泪][泪][泪] 我在:http://t.cn/zHqOccl,N,,
844220,ummmm,SPAM,,
505507,来电影院是种刺激[哼]到处都是情侣[哼]，爆米花的味道真心难闻真心讨厌 西老[泪]@Cassiopeia陈竹馨 @well-being潘婷,N,,
666133,女侠洗护，好到爆，秒杀欧莱雅施华蔻。用我家洗护的都是女神，其实，你用了，也一样女神，[害羞][害羞]2776331635,Y,"L'Oreal=neg
 Schwarzkopf=NEG",
258302,男澡堂子里十个年轻浴客有8个是阿迪达斯沐浴露，5个欧莱雅洗面奶，3个清扬洗发露，还有两个是叫的一次性备品[哈哈] http://t.cn/z8mBwqB,Y,Clear=NEU,
672060,Schwarzkopf 施华蔻 柔丝顺滑精华液 50ML 113.81元（满99-20、199-60 低至83元/支） http://t.cn/RvedLqj,Y,NEU,AD
278830,巴黎欧莱雅多效修复洗发露400m，原价49.5，现价32.9，/Date(1389715199000+0800)/截止,Y,NEU,AD
406043,签约平面模特、T台模特小蕊！拥有四分之一法国血统，曾为纪梵希、潘婷做过代言、佳能 农夫果园 伊犁 大众速腾的御用模特！好的產品，是主動吸引美女模特的青睞！[爱心][爱心]分文不收為我們獻上代言！[亲亲]她说：＂Dco是我入行至今用過的最好面膜〜我樂意推薦給所有愛美的女孩！＂微信：yaojun_love,N,,
284782,#我的欧莱雅秀发非凡时刻#[话筒]上周的“烫发损伤后的补救妙招”投票转发活动已经结束了，再次感谢大家的积极参与。今天我们又来公布获得欧莱雅润发精油试用装20名获奖会员的名单了，恭喜恭喜！另外，欧莱雅润发精油全国免费试用正在火热进行中，赶紧点击链接http://t.cn/8FjTYTV申请吧！[ali转],Y,NEU,AD
814180,H&S 海飞丝 男士去屑洗发露 强根防掉型，针对男士设计的配方，特含动力锌去屑防护系统，快速有效去除头屑，并从根源上减少头屑再生。适用于发痒的头皮，特含舒缓呵护成分，舒润头部皮肤，给你清爽感受，享受无屑自由，规格730ml。 亚马中国逊报价58元包邮，同时参加美妆个护专场 促销活动，满1 ...,Y,NEU,AD
758213,#京东上市#沙宣！恭喜京东！,N,,
455311,很少用潘婷，昨天公司楼下领了个体验装，试用了下感觉还不错。@潘婷pantene,Y,POS,
281424,"LOREAL PARIS巴黎欧莱雅丝泉滋润发膜1000ml修复受损发质专业洗护,售价:158元http://t.cn/8kHUkku",Y,NEU,AD
276418,#爱丽小屋发膜# 你现在的头发比内个刚丝儿还缠绵呢，我没夸你， 你就是内种钢丝发质，俗称”断梳台”，就你的头发干燥的，啥梳子到你手里，他都过不了今世，都立马die。因为你头发干，你没营养，你头发都打结了梳不开，这个发膜，好到一个死！比大牌理发店做的欧莱雅也不差！,N,,
399494,今天用沙宣洗了小豆子，感觉效果不好，柔顺到有点儿打绺了，不是原来那个蓬蓬松松的小豆子，总觉得没有晾干，潮呼呼的，看样子贵的未必是好的，沙宣不适合豆子，哈哈，下次还是用潘婷吧[嘻嘻][嘻嘻][嘻嘻][嘻嘻],N,,
308339,#欧莱雅精油护发#感谢岁月让一只友谊的船，让我们找到了落帆的愿望，感谢小编微博的活动，让我找到了互动交友的家园；[给力]  地址：http://t.cn/8kBYjQQ,Y,NEU,AD
863977,太感谢了！还有什么好产品，赶快再给我们介绍吧,N,,
685645,施华蔻的这款去粉刺的 适合男士的洗面奶沐浴露二合一 5颗星推荐啦 脸上背上长痘痘的 都可以试试哈,N,,
26834,我只用清扬男士z //魏佳橙爱次肉肉_://睡着的荷:,Y,POS,
502564,#莹彩修护 温婉迷人# 喜欢用潘婷呢~~@蓉蓉小燕52 @曼的生活 @于燕梅,Y,POS,
976453,在超市中还没有看到黑色瓶子包装的潘婷呢,Y,NEU,
803754,"爱上潘婷，爱它带给我的_顺滑,给我内在_强韧_,外在_光泽_,让我秀发变得_闪耀__!",Y,POS,
484805,#潘婷闪耀倒计时#时刻关注你们的活动 始终是你们的忠实粉丝 祝愿你们每天开心快乐!  地址：http://t.cn/z8kcmsC,N,,
91303,手疾眼快实力派朝这看！由海飞丝冠名赞助的@我的青春高八度 今晚正式开播，截图或拍下剧中出现的任何海飞丝画面发布微博并@海飞丝实力派 就有机会获得实力大礼。够实力，高八度，快叫上你的小伙伴一起来找海飞丝吧！,N,,
749230,戴花欧巴，你不代言清扬代言沙宣了麽麽麽[疑问][疑问]？,Y,"Clear=ambiguous
 Vidal Sassoon=ambiguous",
878563,倩碧水嫩保湿修颜霜（象牙色） 7ml 6 2016.06 倩碧匀净卓妍淡斑精华露 7ml 9 2016.02 倩碧匀净卓妍淡斑面膜 7ml 3 2016.07 倩碧匀净卓妍隔离霜 7ml 3 2015.12 倩碧焕颜活力精华露 7ml 2 2015.12 倩碧焕颜活力精华露（升级版） 7ml 4 2016.05 倩碧水嫩保湿润肤露 1.5ml 3 2015.06 雪肌精美白BB霜 6g 2 雪肌精化妆水 24ml 1 2019.03 雪肌精乳液 20ml 1 2019.06 兰芝臻白修护柔肤精华,Y,NEU,AD
569416,我可以给飘柔做广告啦[偷笑][偷笑][偷笑],Y,POS,
53607,#我正在收看热火vs骑士# @于嘉 @柯凡 @匹克篮球@新浪NBA@切换台   为什么11天了清扬绝杀时刻这个节目还没有呀！ 看直播： http://t.cn/h9DXtA 我看到了这里： http://t.cn/zTfJ8b8,N,,
825043,呵呵，潘婷植物精粹净润养护系列不错，效果更是宜人,Y,POS,
816108,长沙合肥南昌武汉四市市长...,N,,
721796,好活动[转发]无条件的来支持[转发]希望就在前方支持[抱抱][抱抱][抱抱] @　瘦下来很简单 @　eqpck6691 @　lovely春原芽衣 @　tfwing花园 @　杭州施华蔻小朱  地址：http://t.cn/zQGcVO2,N,,
986529,@喜欢用海飞丝 @丶小时代great @懂大锅i @谁令你心痴wu @专治各种啪啪啪 快来,N,,
646312,"桃花运 说 ,  自从用了飘柔  - -。   @文及灿 @文丽贞lz",Y,AMBIGUOUS,
303157,我就想烫个卷发，#新年非凡Show发随手拍#但是又害怕伤头发用巴黎欧莱雅,?,,
311145,欧莱雅精油护发耐心是驱赶困难的利剑，责任心是迈向成功的必然！ 地址：http://t.cn/8kBYjQQ,Y,NEU,AD
639011,我好像和绿色情有独钟，飘柔看成了沐浴露......,Y,AMBIGUOUS,
849750,想换个发型， ?下载客户端，分分钟获呆萌气泡,N,,
402630,潘婷 拍摄 gisele Bundchen,?,,
594801,与 @M j .Q@疯狂Science@梦想家kaori@涛涛123_3305@老子_洗头用飘柔 在#德州扑克#里同桌pk以一手#三条#牌型赢取了170000筹码！是不是很给力！开始游戏http://t.cn/zRZVdXq,N,,
9927,[moc转发]支持郜林，也是同意的支持这个清扬洗发水的，感觉很好用,Y,POS,
643617,#运动日记##走路#昨天走了1000多m。今天太忙，还没走，回家跟娃做游戏。@糖僧洗发爱飘柔 你坚持哦~,N,,
627194,为了纪念我的第18个光棍节。。。喜大普奔地把沐浴露当洗发露洗了一回。。。蓦然回首。。。艹。。。飘柔在左边。。。默默再挤飘柔洗一次。。。各种强迫症。。。,Y,NEU,
285760,#我的欧莱雅秀发非凡时刻# @Jomini的小窝 @默默可爱添添 @猪猪瑶LOVE昕 我想拥有林志玲那样的秀发 这样可以有多变的造型[得意地笑],Y,NEU,
740277,#轻力放肆玩有型# 打破常规，拒绝束缚，我要创造属于自己的型格！快来和我一起，加入轻力狂潮，生成型格海报，PK圈子达人，赢5000元轻力放肆基金！@沙宣VidalSassoon http://t.cn/RPwMfvP,N,,
840127,柳屋不是到很多的啊。。。是几滴几滴分次抹的啊 如果头皮偏油就只要抹发尾啊 看到直接到得姑娘真 ... JCobain 准备下次再买买施华蔻，试试。。会不会每个人效果都不太一样,Y,NEU,
47234,对@Clear清扬 说： #mamasan晒奖品#吼！收到了，上午还跟小编留言，怎么一个月了还没收到，结果下午就收到了！这就是心想事成吧！而且是正装哦，不是180Ml的非卖品哦！[泪]还有这是哪位小编的字啊，真好看啊，感动得要哭出来乐！,Y,NEU,AD
387741,欧莱雅润发油还可以定法啊。头发比以前硬多了。,Y,NEU,
723874,【买一送一！】  德国施华蔻400ml洗发水  有需要的亲吗[爱你],Y,NEU,AD
372003,#美图秀秀iPad版#分享图片美女留了好久的长发剪掉了[呲牙][呲牙] 好可爱噢噢噢[害羞][害羞]  做了一款5号色的亚麻深棕色噢噢 [得意][得意]本店的施华寇洗护／发膜／欧莱雅／卡丝的护色洗发水也有了噢  喜欢的美女可以订购咯 [强][强]  设计发型请关注「peter发型设计工作室」,Y,NEU,AD
73622,超级好用的洗发水、护发素。无添加。 用过真的很顺头发。 有人要定吗。 明后天发货。 有的速度喽。 比什么海飞丝。沙宣。 爆款什么。 好用太多。 洗了四五次才开始宣传就是为了帮你们试用。 定出几套了。还有木有。 http://t.cn/RPTrXat,Y,"Head&shoulders=NEG
 Vidal Sassoon=NEG",AD
852338,重新开贴整理了一下家里的DD一下物品可以换物 除非写了不能换的。1.想要卡诗发膜 一片一片的那种 5米交换。卡诗3ml精华8米换物2.假睫毛胶水 33iphone 充电器 数据线4和5的都可以 4.吃的要家莱的威化饼干 百利甜酒 巧克力要德芙好时 godiva 瑞士兰都ok 5 蜂蜜要进口的这种 红枣要新疆的 还有桂圆 枸杞 核桃 这种干货 6 葵花籽油和洗衣皂这种按一号店价格登录/注册后可看大图倩碧 焕研活力精华 光子小白瓶最新版 7ml 30 余7 保质期至2016年后 倩碧 匀净卓颜淡斑精,N,,
605553,#黑子的篮球第二季21##紫原墩#小紫转身的全程记录~~[偷乐]用飘柔了吧？！！,Y,NEU,
67697,由京东和 @QQ音乐 强强联手主办的2014海飞丝校园之星歌手大赛在这个夏天火热升级！各高校大学生一呼百应，热情之火瞬间点燃音乐梦想！现已超过2万人报名！更有火爆APP“全民k歌”作为唯一指定报名海选入口强势进驻！放肆歌唱，让青春异彩绽放~听你的！点我马上参加：http://t.cn/RhiuWP2[鼓掌],N,,
851206,黑妹抢到了，就刚刚施华蔻抽到钥匙扣和旅行套装，原来半夜不蹲点也能中哈哈,N,,
256026,巴黎欧莱雅~ 你值得拥有~ 受损发质~ 及时修复~ http://t.cn/R7K1Ehj （分享自 @微店 http://t.cn/Rhe7NiQ）,Y,NEU,AD
8832,C罗用了清扬怎么头发还这么油！差评！,Y,NEU,SAR
452620,#折扣信息#【一分美容个护频道】商家活动：苏宁易购 洗护全场5折;海飞丝/潘婷/飘柔 详情：http://t.cn/8kd30GY,Y,NEU,AD
634487,5      十步之间，必有茂草；十室之邑，必有俊士。美丽的东西往往就在身边，没必要刻意追求。 6       我只用汰渍洗衣服，只用飘柔洗头发。可我们再也嗅不出我们恋爱的味道。 7        有时候，唯有一场眼泪，才能彻底洗涤视线。 8        磐石方且厚，可以卒千年；蒲苇一时纫，便作旦夕间。,N,,
825587,好像也干过这事儿，蛋痛。,N,,
608053,我要名片@wo_蔡氏飘柔 可亲可敬的杭姐姐,N,,
639397,我话说有十年没用过这个牌子的护发了，打开闻了闻，熟悉的味道，飘柔唉！飘柔飘柔！@tracey_chen 竟从或内整些好东西！我今晚飘柔一下 [嘻嘻],Y,NEU,
877358,难怪来！再过一周，我就要搬到婆家去过节了，不在家，真不方便收快递呢,N,,
62270,海飞丝简直是头发的终结者🔥,Y,NEG,
459018,@高圆圆 因为你，我喝茶只喝午后，因为你，我洗发只有用潘婷，因为你，我买车只买逸致！！！ 我在:http://t.cn/8k4bBXg,Y,POS,
525468,发表了博文《商业秘密不是挡箭牌》商业秘密不是挡箭牌胡立彪有消费者向一家媒体投诉称，他购买了一款宝洁公司生产的飘柔去屑洗发露，但使用了一段时间后根本没有任何效果，头屑还是“像雪花般飘落”。于是，消费者怀http://t.cn/R75gSdf,Y,NEG,AD
658264,施华蔻烫加施华蔻Q10护理  期待后的效果 http://t.cn/z8y3Cb1,N,,
808680,头发分叉啊，那发油真的管用么,N,,
48559,作为一名路特斯的粉丝我实在是想说CLEAR这个杯子太好看啦！@Clear清扬 [爱你],N,,
480069,"探索潘婷护发实验室真不错,期待好运降临！[xkl顶] 地址：http://t.cn/zRo8JGk",Y,NEU,AD
451118,#啪啪让红包飞#@_BIEN想说thanks @琳爷的琳是张琳的琳 @独霸重庆的郭郭 @吉野里美 @项项项思佳 @潘潘潘潘潘潘婷什么都不懂 @你玩儿我高兴  http://t.cn/8FzMxzS ▶ (来自@啪啪),N,,
733834,亲们～普及下： 朋友圈中所发的雪地靴 最前面有 'Jumbo Bulestar ever…等字样'（还有很多） 都是UGG旗下的品牌哦～ 说白了就是 都是真正的澳洲皮毛一体 UGG...    就像宝洁 旗下有 潘婷 飘柔 海飞丝 沙宣… 是一个意思滴[愉快][愉快][愉快] http://t.cn/R78SbbA,Y,NEU,AD
762545,原创：#唯美发色•玩转色彩# 体验沙宣最精湛的裁剪技术•日韩最唯美的线条 @也轩造型 做纯粹的技术•做贵阳自己的时尚，，,N,,
800433,遇见你的此时此刻 园林112班 郝征艺 不久前往工作证上贴红底的一寸照，照片上，是去年、现在的自己：齐整的沙宣，标准的学生短发，上中学前依依不舍剪下的长发还在某个角落被收藏着，一路走来的照片也能看出一年年模样多多少少的变化，而照片上 是最后短发,N,,
224658,#大菠萝成长记录# 2013年5月26日，菠萝出生107天。。。一头乌黑浓密的秀发呀@海飞丝实力派 。。。,Y,AMBIGUOUS,
754416,今天時尚萱萱美女的長髮梦又實現了！無痕接髮第三位了、謝謝支持@沙宣杰瑞 沙宣概念@沙宣造型师-Tony @ http://t.cn/8Fc1xNk,N,,
879509,【如何有效去屑】如果头屑问题不严重，使用一般的日化线产品清洗就可以，比如海飞丝等。但如果头屑问题比较严重的话，小发匠建议使用专业线的去屑洗发用品，比如卡诗，施华蔻，欧莱雅等品牌的专业线产品。专业线也叫院线，代表着高科技，品质，专业，能从根本解决秀发问题。,Y,"schwarzkopf=pos
 L'Oreal=POS",
258052,迪拜团〜上一团跟了欧莱雅小黑瓶和n多洗发水。兰蔻用了免税店的小黑瓶套装，再来看欧莱雅简直便宜到不行[笑cry]赶快来囤货，因为用起来很快。兑现承诺来个反馈@第一大团 赠品也不错嗒,Y,NEU,AD
257424,尊瑞名媛现需发型模特数名. 模特要求：形象气质佳. 发型要求：中发、短发；能够接受前卫、时尚、色彩4D立体挑染；片染、区域染. 操作过程由尊瑞名媛技术设计师；资深导师亲自全程操作；费用一律由制作方承担（药水：巴黎欧莱雅）各位靓女速速报名。先到先得哦 http://t.cn/RheSILp,N,,
245164,"#欧莱雅一滴改变等你见证#,@soEASYlove @gogomulan @Freya菇凉 我在欧莱雅平台里最喜欢的“小贴士是欧莱雅奇润焕发精油可以当头发的卸妆油使用，因为很多时候我都是用吹风机把发发吹干，某地方有时候需要用到嗜哩来定型，到晚上头发就硬硬的，第二天就打结，这个精油可以帮我解决为个问题",Y,POS,
222752,排了半天，但是真的好好吃！！！[馋嘴][哈哈]@孟菲斯不是海飞丝3,N,,
596088,猜我用的飘柔还是潘婷 我在:http://t.cn/8FIz98m,Y,"Rejoice=ambiguous
 Pantene=ambiguous",
244546,实力擂台  海飞丝实力擂台为各方实力达人提供捷径直达中国达人秀的机会,N,,
496011,还是潘婷好，适合自己的才是最好的！,Y,POS,
710406,施华蔻丝雅花蕊润彩洗发露 德国 ——温和洁净头发，延长染后发质的活力；光泽头发令发色动人；使头发变得柔顺，散发健康亮泽。500ml。138元[爱你]空瓶才是真爱,Y,NEU,AD
696571,有奖转发！#节水妙招征集#赢施华蔻免洗润发乳、mini电水壶等大奖这么好的活动一定要来参加 地址：http://t.cn/8sUDzJp,Y,NEU,AD
360272,朋友都在用欧莱雅奇焕润发精油，用后感觉真的很水润，好梳理才是硬道理~,Y,POS,
904384,那不清楚，我去的沐浴露还有~~,N,,
612926,近日，属马的陈思诚放话，“马上娶女神”，承诺会和佟丽娅尽快完婚，还补充，“马年拥有下一代”。据悉，两人将于1月16日于大溪地举办婚礼，并邀... http://t.cn/8FUdGZo                         下一个我结婚@飘柔Rejoice,N,,
275622,巴黎欧莱雅。换洗发水的理由一个不够？我给你五个！五大受损 一个对策 这不是你代言的么？哈哈哈哈,Y,NEG,
111424,我试用了地铁派样机专供礼品（三款随机选一款） 我觉得：海飞丝洗发水很给力，机器也很神奇啊，希望以后站点多一些 （分享自 @喜试网） http://t.cn/8skcCGI,Y,POS,AD
835554,我要发根无油腻、无头屑，发尾柔顺亮泽，告别干枯分叉！@guoxixi @king_离不开水的鱼,N,,
222882,#年度数据#【4月广告金主：洗发水】约8个品牌的刊例广告超过2千万，其中潘婷以超6亿的广告投放高居榜首。其次是5.2亿的海飞丝、4.6亿的飘柔。四、五位则分别是3.5亿的清扬与2.2亿的沙宣。与去年同期相比，大部分洗发水的广告投放均有两位数增长，其中潘婷、飘柔增幅均超150%，而沙宣、雨洁增幅亦超六成,Y,POS,AD
542136,#太报早读#【宝洁，带给了太仓哪些“拉动”？ 】 知道宝洁公司吗？如果不甚了解，那么，你也一定知道飘柔、潘婷、海飞丝和沙宣，一定知道舒肤佳、玉兰油、帮宝适和汰渍。告诉你，这些家喻户晓的日化品牌产品，随着江苏宝洁有限公司落户港区，已经在太仓生产和组合销售。,Y,NEU,
394797,进口防伪专柜正品L'OREAL欧莱雅毛发补养精疗护发精油免洗护发素    最低价：17.50元。     http://t.cn/zTUdYaJ,Y,NEU,AD
981880,@涵堂皇 4楼 2014-12-09 13:02 　　请用韩国那个吕 完爆我以前用的卡诗 　　我那个头发本来被我烫染坏了 现在又恢复生气了 　　----------------------------- 　　好！去研究,N,,
875323,如何用吹风机快速吹干头发...,N,,
488851,好后悔在群上没有给你多一点的关心，没有给你多一点关注。你说话我们不应该不理你的。你现在这样碎骨们都好内疚的💔。而且你再努力潘婷也不会找你拍广告的🍃,N,,
258281,💁用一次就有种相见恨晚的感觉欧莱雅洗护套装👏👏非常负责的说，这款洗发水效果不是盖的。 🌟自用款，真心好，推荐给各位宝贝。 💁市面上90%的洗发水中添加了硅或者二甲基硅氧烷等化学组分，它的作用是把毛鳞片之间的空隙填满，便造成滑顺的错觉。 💁欧莱雅洗护套 http://t.cn/RhxGcoc,Y,POS,AD
676947,有奖转发！聚美携手施华蔻免费送好礼啦！[嘻嘻][嘻嘻]心想事成 万事如意 我会中奖！,Y,NEU,AD
794133,VS 沙宣 修护水养套装（洗发露750ml+润发乳400ml+发膜150ml）  69元（99元下单减30，限华南） http://t.cn/zTEaVov,Y,NEU,AD
258916,从头到尾看了一下发现蜂花护发素 郁美净儿童霜 美加净银耳霜 lush洗发皂 blistex的小蓝罐 美宝莲的眼唇卸妆 露华浓的口红 千纤草丝瓜水 雅漾喷雾 百雀羚的甘油我都用过，谁来帮我剁手。。。可是竟然没有人推荐欧莱雅magic nude粉底！便宜又好用！还有GNC的芦荟胶完爆自然乐园好嘛//@Sun小亭子:转发微博,Y,POS,
982252,现在大家都只顾着折腾头发，染烫什么的，有头皮问题的很多。。。,N,,
829221,保健品营销策划之软营销让...,N,,
799452,要改回沙宣短发噢，从新开始♥,?,,
939396,tel:400-820-5527,N,,
796434,对沙宣的追求一如既往！所以给他弄成这样！ 我在:http://t.cn/zTSwPqa,?,,
449808,#福满新一年#新年到，抢福袋咯！【88元福袋】——潘婷丝质顺滑洗发水400ml+舒肤佳纯白清香沐浴露1L+佳洁士全优7效抗敏感护理牙膏90g>>>福袋 舒肤佳沐浴露1L+潘婷丝质洗发水400ml+佳洁士抗敏感牙膏90g ，这些宝喵帮你统统寄回家哦～就等你啦！@晚冬早春 @i可爱梅梅,Y,NEU,AD
722379,#汉高疯狂猜图#  丝蕴、施华蔻！ 丝蕴：源自日本专业沙龙的syoss丝蕴品牌，采用与日本殿堂级发型大师合作研发的专业级优质高效配方，是专为亚洲女性发质打造的美发品牌。施华蔻：是当今世界三大美发化妆品品牌之一，品牌给人的感觉是高档、优雅、专业、可靠和品质@梦梦的小时代 @琥珀花蕾 @机制豆,Y,POS,
606176,哈哈哈，还以为是飘柔广告,Y,AMBIGUOUS,
563679,以后不会再买飘柔洗发露了 [悲伤][衰][泪]头发都是一搓搓的掉阿 [伤心] 不爱你了哼[哼],Y,NEG,
63793,#逗游推荐#【《御天降魔传》将登陆次世代 支持海飞丝特效】日前我们在《御天降魔传》制作人李驰程的微博上惊喜的发现，《御天降魔传》或许将登陆Xbox One和PS4这两大次世代主机平台。http://t.cn/R7Akewn,N,,
267879,#我的欧莱雅秀发非凡时刻#我是懒美人，因为我每天只花3分钟来打理我的发型，而且我一周只洗2次头。,N,,
807031,洗发水也出点吧，大的160ml多芬10元，找到6块一瓶，海飞丝80ml丝蕴100ml,Y,NEU,AD
716057,刚买完施华蔻，，超值哇！！！,Y,POS,
630182,给女友买飘柔倍瑞丝，让她好好的惊喜一下#沙龙私享家#,Y,NEU,
978685,头发又细又贴～用资生堂和施华蔻，想要蓬松感觉好难呀 Sus. 袋鼠的比较蓬松,Y,NEU,
883969,怎么可能都是假的,N,,
647738,洗完澡摸着头发背单词，心血来潮想分享一下我的头等大事。我就不说以前头发经过烫染有多次了。现在用的产品是箭牌马用、施华蔻羊绒脂滋养润发乳、爱茉莉护发精油。不管有没有人看，没别的，就是想分享。[酷],Y,NEU,
575864,@HOT男人App 亲，难道你用飘柔了？突然想到儿时一句话，有种放学别走。然后...就没有然后了。http://t.cn/RP79ZeO,Y,AMBIGUOUS,
597461,为什么我喝雪碧没有水从我背后淋下来 ？为什么我用威猛先生没有超人出来给我洗马桶?为什么我用了步步高点读机并不觉得题目so easy？为什么我用飘柔洗头感觉不到一点自信 ？为什么我吃了绿箭妹子还是走了？可我最不能忍受的是 :为什么老子有奥特曼限量版变身器还是变不了身!!,Y,NEU,sar
981924,@benny桃 27楼 2014-12-10 13:45 　　施华蔻确实不是太好用，除了那个透明蓝瓶的还可以，其余都蛮难用的。买的羊脂绒的发膜无比难用！！！ 　　欧莱雅不错，据说专业线的更好用。发膜很好用。 　　不过施华蔻有个新出的系列，就是费绮丽(？？忘了是不是叫这个)，就是大头娃娃的那款，那款的睡莲滋养还不错。 　　打算从开架转洗护专柜了。看中lush。 　　----------------------------- 　　我太傻，上次看到那个大头娃娃，觉得便宜没好货就没买。。。。。,Y,"Schwarzkopf=AMBIGUOUS
 L'Oreal=POS",
704568,年前最後補貨，正品施華蔻專業染發膏，大熱6.99 千嬅紫已補貨回來，欠親們的貨可以取貨了。圖片全部為朋友們染後的實拍效果圖，如有需要想過年染個靚發，後日中午前下單。售價55元一支包一支雙氧奶。“K仔名譽發誓，絕對正品”有興趣請聯係……,Y,NEU,AD
657494,#今晚外滩我为你包了#居然中奖了，和@冥王先森 一起去外滩参加施华蔻的“脱单”活动~漂亮姐姐带你装13带你飞.[飞个吻]@施华蔻官方旗舰店,N,,
734764,#超值购# 沙宣 男士洗发露460ml+50ml+护发素50ml+免洗精华液30ml 33元 http://t.cn/R7Wqylg 来自@留住你官网,Y,NEU,AD
837719,大牌用着放心，不伤头发。,N,,
491875,凯特王妃—沙宣， 姚晨—海飞丝， 李小璐—伊卡璐，李嘉欣—潘婷,Y,"Vidal Sassoon=Ambiguous
 Pantene=Ambiguous
 Head&shoulders=Ambiguous",
108117,细看觉得他有一种祛屑我只信任海飞丝的感觉。,Y,AMBIGUOUS,
606187,深夜奥巴马看到拉登站立在自己床前，披头散发，奥巴马大惊说：你好大胆，敢夜闯白宫！拉登甩了甩齐胸的胡子，阴森地笑了，说：飘柔，就是这样自信,Y,NEU,sar
839682,买过tt和天使梳，以及沙宣气囊梳。 tt是便携版，细软少福音，发尾和脑后勺尤其见效，不过我头发 ... 鸭毛飘呀飘 天使和tt是一家的吧……天使是某年限量的tt貌似,N,,
729665,又开了一块lush紫色洗发皂，我不得不承认，我现在爱lush爱到爆，恨不得把所有的产品都用个遍，哈哈，还没有试过lush洗发皂的小伙伴快来试试吧，真心推荐，有了它，所有洗发产品，什么吕啊，施华蔻啊，沙宣啊...都爆腻了[呲牙][呲牙][呲牙],Y,"Schwarzkopf=neg
 Vidal Sassoon=neg",
350648,别人可以随心所欲变幻靓丽的发型，你却只能对着过于贴合头皮的发丝唉声叹气，这种情况不会再发生了！使用@巴黎欧莱雅 奇焕润发精油，在吹发时涂抹适量于发丝，再以逆着毛鳞片生长方向吹整头发，无需顾忌高温损伤，直接为头发注入灵动空气感，从此以后，要什么发型，就变什么发型！,Y,NEU,AD
380739,0元体验iNOA染发新纪元  一直信赖欧莱雅的产品，想再次体验欧莱雅的东东与头发接触后的质地，因现头发比较干枯,Y,POS,
376435,#欧莱雅奇焕润发精油#好运降临吧——为此我斋戒三日，一定积极晒奖品，眷顾我吧  地址：http://t.cn/zROCjIS,Y,NEU,AD
795072,明天共想学院迎来一批参加＂沙宣风格国际经典ABC技术＂训练的发型师，这次活动是由北京美协举办的爱心课程，五天只收680元，明日北京美协的领导会现场致辞！本课程意在推动经典技术的提升而开展，人人学得起、人人学的会是我们的责任，欢迎年轻发型师参与活动。（咨询电话：01059789415、18611856838）,N,,
699366,施华蔻保丽水份平衡喷雾http://t.cn/8FHo4nY（分享自 @微店 http://t.cn/8kD2fJZ）,Y,NEU,AD
496443,【2013年一季度广告市场盘点分析】化妆品/浴室用品行业：第一季度同比增长13%。口腔清洁用品/牙膏同比增长27%，黑人、佳洁士贡献较大。洗发/美发/护发品类增长了15%，主要由宝洁旗下的海飞丝、潘婷、沙宣等品牌拉动。彩妆同比下滑24%，主要是由美宝莲、兰蔻、香奈儿的减投导致。http://t.cn/zHK5UMj,Y,"Head&shoulders=NEU
 Vidal Sassoon=NEU
 Pantene=NEU",AD
777758,想象力既需要先天体质 又需要后天营养还要有勇气挑战自己的极限 才能逐渐转化成创作的内部能量 1先在自己脑中产生画面 2去实践 3让自己作为观众一起观察作品向已知世界打开关联 在我看来 每个创作都是一次感官世界的颠覆   @沙宣VidalSassoon,N,,
676529,独乐乐，不如众乐乐。天猫美妆，签到7天领-施华蔻，小样由桃子来了官方旗舰店赞助，大家快来签到领小样吧~ http://t.cn/Rv5wCeh,Y,NEU,AD
849889,回复 贫僧曾经海飞丝 :试想一下，如果把狼和棕熊关进一个笼子，让它们打斗，任凭狼的敏捷再高灵活性再强，恐怕也会被棕熊活撕吧？,N,,
388275,最近总算是明白“没有不漂亮的女人，只有懒得变漂亮的女人”的意思了，这是多么痛的领悟啊！于是开始每天勤勤恳恳地用各种瓶瓶罐罐护理头发，正准备跟姐妹们得瑟一下！却发现姐妹们却都开始用欧莱雅润发精油了，据说每次出门前涂几滴就可以顺滑一整天，这就是为我这种懒妹纸准备的啊！果断去败一瓶！,Y,POS,
468214,扫二维码加微信，潘婷套装及300份代金券等你拿！支持你们哦！ 谢谢小编给我们带来这么好的礼物！希望微博人气越来越高 给你一些泡泡里面全是幸福~! 地址：http://t.cn/8kPxAy7,Y,NEU,AD
229257,po一张海飞丝头皮头发按摩膏按摩手法给大家[爱你] Step1:沿头皮线均匀涂抹于头皮上；Step2:从两侧太阳穴开始用大拇指顺着发际线向上按； Step3:从头顶开始横向两侧按； Step4:从前额发际开始到后颈按压； Step5:轻捏头部两侧轻轻敲打按压 ；Step6:轻捏头部两侧 @海飞丝丝源复活 @瑞丽之星官方微博,Y,NEU,
832879,妹子发质偏黄偏枯 建议使用海飞丝,Y,NEU,
770191,继续清扬，然后沙宣，这些东西，就是常换^ω^,Y,"Clear=NEU
 Vidal Sassoon=NEU",
723801,【视频：施华蔻新季风裁剪Schwarzkopf Professional Essential Looks2】 http://t.cn/zHrnNKB  （分享自 @优酷网）,N,,
638810,嗯，好久沒發微博了。借著父親節，還有我自己的生日，發個微博紀念下。嗯，翟毅琦，23歲生日快樂。咳咳。瞭解我的人都明白，我很少拍照的，所以...下面附圖一張，絕對私隱，絕對珍藏版。小時候，各種愛搶鏡，比飄柔還順的小西瓜頭，傻不啦嘰的笑容，越長大越孤僻了。哈。【圖：我的獨立時代】[蛋糕],N,,
771521,#你剪过最短的头发有多短#沙宣,N,,
8716,C罗一定是忘记用清扬洗发水才被撸的这么惨。。。,Y,NEU,SAR
760271,【优钻女神..】我家亲爱的给我长长长长的反馈看到直接感动Cry😂宝贝儿一开始用优钻也就那么回事，结果出去玩耍木有带身上果断后悔了有木有😝甚么沙宣多芬都弱爆了，回家用我们家优钻瞬间心情大好💪优钻女神之路，你值得拥有😉 http://t.cn/8sF48MF,Y,NEG,AD
614681,#冬夏体重跨度# 买了个称好好监督自己，甩甩头发扭扭腰，用飘柔就是自信。 详情:http://t.cn/8FvV0BQ,Y,NEU,SAR
417459,#特大喜讯# 从本周开始光谷店周末公开课由 PT 潘婷老师上课了哦，喜欢潘婷老师的同学们可千万不要错过机会了哦，每周六、日16：00-17:30不限次数免费公开课等你来上课啦。满30人将不能再进入舞蹈室了哦，大家赶紧加快脚步吧~~,N,,
849100,不可以。。。人用的含碱性比较强 会把狗狗皮肤上的那层保护脂洗去。。。狗狗就容易得皮肤病！！！！ 查看原帖>>,N,,
414397,sankuanz 2015ss，吃货附体，草鸡赛亚人变身，奥特曼怪兽升级，外加潘婷柔顺谢幕，我甩甩，我再甩甩！,Y,NEU,SAR
276021,还在为头发分叉、干枯、毛躁、黯哑、脆弱而发愁么，真的只能羡慕别的女生天生丽质的秀发么？巴黎欧莱雅多效修复5损伤复元系列解决秀发5大严重受损问题。仙女支持@YOKA时尚网 给力活动！祝本次活动圆满成功，每一次收获都必须努力，期待幸运绽放@晓仙仙@lucky的喵喵@阿拉蕾de妍@tracy412 @啊满YAN-,Y,NEU,AD
62598,小瓶装海飞丝_ http://t.cn/R7Itb11 (同步自Instagram),Y,NEU,AD
31948,#中国好发型##时尚潮流#浅灰色短发轻盈细腻，清扬起来的卷发发束柔美清甜，减龄又瘦脸。,N,,
386090,【现代随访】欧莱雅国际知名化妆品牌，旗下彩妆护肤、染发护发系列一应俱全。@浦东商场现代店，1F，即日起至10/7，欧莱雅专柜购正价满399元送旅行三件套，购正价满699元送旅行5件套和星光巴黎相框，购正价满999元送旅行七件套和星光巴黎首饰盒等，好礼连番送，购物欢乐多。,Y,NEU,AD
72514,在超市门口、准备买含硅油洗发水！的朋友们，你们还敢买吗？海飞丝，飘柔都出问题了。红色任何发质都适用，蓝色是控油，黄色就是防脱发的，赶紧用吧，头发经不起折腾😂 😂 😂 http://t.cn/RPEOAIO,Y,"Head&shoulders=neg
 Rejoice=neg",AD
630085,#沙龙私享家#姐姐我的头发也是因为用了飘柔倍瑞丝之后才变得更加柔顺的,Y,POS,
451944,我的忠实铁杆Fans是: @帆妞大爱潘婷洗发水(98分) @谁说不能黑白配8929(97分) @M祎一(95分) @高高她是无敌小金刚(92分) @蓄胡扮大叔(88分) @考研备战ing(83分) @许monkey-(76分) @鸳鸯茉莉32(70分) @西医临床-焦东(60分) @零摄氏度下丶o(53分) 。看你的铁杆Fans(手机自动进无图版):http://t.cn/8kyhowC,N,,
225053,会打lol，有别人木有的大牙，会dota，又幽默，又帅气，洒脱的性格，飘逸的可以给海飞丝代言的黑发，这样的我，你喜欢么？[嘻嘻],Y,NEU,
299736,[lt切克闹]#奇焕润发精油 申领体验非凡#巴黎欧莱雅，非凡焕新年！！支持巴黎欧莱雅！！非常棒的品牌，我的洗发水都是亲家的！支持哦！[lt切克闹],Y,POS,
737440,悲催。。。我回家六花毛被大姑和妹妹拆了。。。呆毛和蝴蝶结都拆了。。大姑说造型太丑。。balabala总体意思是给我妹妹买了个沙宣假发多好多好 。。然后让我妹试戴一下我的假毛看看。蓝后我就看见他们那个丑比假毛了。。一点不顺！看着特别假。。。还说多好多好我快跪了。。我的六花毛！！！！！,N,,
866880,沙宣在流行开始直到至今还...,N,,
45068,男生们的福音来了！！！！！！！！！！！！！#男士护理超值套装#【清扬活力运动薄荷型男士洗发露750ml 】+【凌仕男士醒体沐浴露诱因400ml】现价98！！！@广师仅需@90！！！@两份88！！ 喔亲[奥特曼][奥特曼] 欢迎私信,Y,NEU,AD
654753,老款特！施华蔻 珠光柔亮丝蛋白深层保湿垂顺洗发露 200ml    便宜了：19.00元。     http://t.cn/R7Xgukj,Y,NEU,AD
64446,单位送的生日礼物，真好想买瓶海飞丝，就来了！ http://t.cn/RPPDTsJ,Y,POS,
262298,最近欧莱雅查很厉害哦~ 重新上架了卡诗洗发水的链接，以防万一！ http://t.cn/RvHfvEl,Y,NEU,
638530,【51快报】#当当网#  宝洁日化 全场满200减100（只限今天） 当当网如海飞丝、伊卡璐、飘柔、沙宣、​潘婷等等全场满200-100http://t.cn/zHuPw40,Y,"Head&shoulders=NEU
 Rejoice=NEU
 Vidal Sassoon=NEU
 Pantene=NEU",AD
481703,这瓶潘婷洗发水还是你来深圳专门为你买的，今天是你走后我第一次用。。。,Y,AMBIGUOUS,
351202,#欧莱雅美发赢好礼#我是枯藤老树昏鸦，我想用奇迹焕发精油，让我的头发避免干枯分叉。  地址：http://t.cn/8kP6XUF,Y,NEU,AD
253621,"艾丝形象设计工作室，全城关注的★太空金属烫★命名为★艾丝太空金属烫★现需烫发造型模特两位，烫完需做背影造型拍摄！烫发使用欧莱雅探索系列产品！并赠头发医生烫中护理1次！只需￥200,机会只有一次，请速私信微信号ic1860，只需两位！(帮转)  null http://t.cn/z8Ab9Qv",N,,
651532,再也不买施华蔻了 迄今为止用过的最差洗发水,Y,NEG,
46549,清扬 活力运动薄荷型男士洗发露 750ml 易迅网上海仓价格34.9（原价49.9，满99-30） http://t.cn/zQI8w6r,Y,NEU,AD
254298,推荐给直发妞的欧莱雅亮发精华，挤在手心一点点，揉开了以后往头发上抹，头发立马顺滑亮泽滋养妥妥嗒～冬天干燥容易头发起静电，有这个就不担心啦～,Y,POS,
814569,"根在泥土中 发表于 2012-2-3 15:49 ) R6 ^/ R: ^3 P1 N1 m; F% V"" s小飞瞎讲啥呀？楼主还不是信任论坛么？9 D% M* Q4 [' S! T+ Q4 a 啊哦！！！6 f* {( _. I+ a+ P 我错咯 4 h9 |"" _' Q8 h$ @, x% E# @2 V! u0 P+ j7 e3 n9 S: o+ y 呵呵",SPAM,,
182697,”我是实力派！“，”哦哦，原来你是海飞丝~“,Y,NEU,Official ad quota
629038,@叮叮--咚咚- 还是这首卡农~  哈哈  在哭一次   Pantene 俄罗斯 潘婷 飘柔 励志广告 标清 （分享自 @新浪视频） http://t.cn/zRqHilQ,Y,NEU,Official ad quota
878605,施华蔻本身就是高端洗护品牌，而黑金系列，则是施华蔻最顶级的产品线，适合重度受损暗哑 发质，是过度烫染头顶一团枯草的妹纸们的救星。其核心科技主要是特含相对羊绒脂系列3倍的赋活角蛋白，和超浓缩活性成分配方，使用一支相当于7天的密集修护，可重塑 发芯内部，补充发芯能 量，减少分叉，重现健 康强韧。特别添加天然云母、二 氧化钛成分，有效保护 发丝免受热能和紫外线 伤害。健康更持久。 目前乐蜂网售价￥100，参加洗护满￥199-100的活动，凑单或者一次购买2套，实付￥100，同款京东满减后也要￥69。,Y,NEU,AD
638668,纯支持！感觉货太少诚意一般！——评论 @惠惠网 【【6月狂减】当当网 宝洁日化 200减100】                     当当促销又开始了，6月17日00:00:000—24:00:00，宝洁日化，销满200减100。此次活动包括了洁旗下大部分主流品牌，如沙宣、海飞丝、飘柔、潘婷等...http://t.cn/zHm6u9L,Y,NEU,AD
756684,沙宣不解释//@陷入凯源小圈套:沙宣忍不了了[拜拜]//@咖喱酥:资生堂笑而不语[拜拜]//@王源儿的锁骨:没人用力士？！赫赫？[拜拜]//@啊丫我就这么萌:潘婷我家爱豆 //@捞老王去: 海飞丝不能忍！//@你看他会发光耶:飘柔呢！//@隔壁女校七年级--苏婉:呵呵，海飞丝就是王道[拜拜]不理解你们这些low逼,Y,"Head&shoulders=NEU
 Pantene=NEU
 Vidal Sassoon=NEU",
866901,以下是引用 第105楼 那一抹倾城的笑876QQ 的话： 我也晒下我的 宝妈剪个不等式沙宣不错，就是杨丞琳的那种,N,,
699171,施华蔻的广告：讲述一对情侣生活的点点滴滴。http://t.cn/8FjkkYP,Y,NEU,Official ad quota
839683,tt很棒啊 之前细软少打结到梳子坏几把 就入了tt 结果是根本停不下来梳头的手 哈哈哈 黑色大肉花 tt是细软长的福音 我当年超级喜欢 现在头发硬了就不喜欢了……硬头发更适合沙宣的那个梳子,N,,
122151,#我在56网# 刚上传了一个视频： 海飞丝丝源复活男士头皮SPA广告http://t.cn/8sCFnVl (分享自@56网),Y,NEU,Official ad quota
173737,Nuskin可是全能哦，什么都有！左边白色，艾蒲抗屑洗发水，是不是用海飞丝清扬都没用了？试试Nuskin吧！右边绿色，草本护发洗发水，强韧发根，有效减少脱发掉发，是不是用霸王都没用了？试试Nuskin吧！,Y,AMBIGUOUS,
404737,@潘婷Pantene 收到了，感谢，祝小编国庆长假吃好玩好休息好~~,Y,AMBIGUOUS,
165657,悔不改当初懒的下楼拿洗发水洗了一次楼上仅有的海飞丝 现在尼玛就算换了洗发水 洗完头第二天就痒的要死,Y,NEG,
843448,我的男朋友送了潘婷给我，很高兴。,Y,POS,
69575,有人说我头发闻起来像用了海飞丝 我真是呵呵了@段蕾G-Dragon,Y,NEG,
862663,亲没去么？确实挺不错的活动~财大气粗的赶脚啊！,N,,
832346,回复 孟小凡12138 :刚刚用冷水洗头，爽 发现我用的是我爸的海飞丝(男士),Y,NEU,
876417,护发素换物吗,N,,
581891,夏季长时间的阳光照射会破坏秀发的胶原蛋白，令头发变毛躁。所以MM们出门时尽量戴上帽子或打遮阳伞，同时也不要忘了配合使用飘柔胶原蛋白洗护系列，每天为秀发补充胶原蛋白，让秀发始终处于最佳状态。,Y,NEU,
646389,洗完澡吃这个看行走西藏。一吃凉粉我就想起让子弹飞的二货。知道不我翻出外面带回来的东西。沐浴露是小胖的他能量。我一路都是这个味。没想到还有。还有大哥给的飘柔洗发水。哈哈。我够想你们吧。@赵人在天涯 @情天的318 好像你也用过这飘柔。[偷笑]@谭艳旌 我在这里:http://t.cn/zlu7sTC,Y,NEU,
881595,发廊的洗发水都不适合自己,N,,
505160,晚上洗澡，妈妈说用完潘婷给我买沙宣 第一次这么爽快!! {看我妹子},Y,"Pantene=neu
 Vidal Sassoon=NEU",
627879,用飘柔就是这么自信。★创意、搞笑全搜罗，就请收听：,Y,NEU,Official ad quota
3831,是上帝辜负了这个勤奋的孩子 http://t.cn/RhPMyUl 你有更精妙的视频点评？来@Clear清扬《冠,N,,
843649,2014年5月19日到2014年5月21日，亚马逊中国美妆7周年活动再掀高潮，沙宣、潘婷、海飞丝、飘柔、威娜、 […],Y,"Vidal Sassoon=Ambiguous
 Pantene=Ambiguous
 Head&shoulders=Ambiguous
 Rejoice=Ambiguous",AD
484733,#潘婷闪耀倒计时#我先转了，希望赶上好运气。发挥点滴宣传力！不求能呼风唤雨起飞智，只求好运馅饼砸我头。[嘻嘻]  地址：http://t.cn/z8kcmsC,N,,
728924,朗格教育＂染发探索课程＂正在火热进行中，下午真人实操，所有产品均由新威彩公司提供国际顶级品牌----施华蔻。 我在:http://t.cn/zTbCmIA,N,,
840167,怎么这么多人推荐施华蔻啊。。我一开始也是在微博看人推荐买的，买的洗发水+护发素 100多吧 并不 ... 五味 那亲你推荐一款呗。,Y,NEU,
101496,我试用了海飞丝毛巾，我觉得：竹纤维毛巾健康安全，棉质柔软，亲和肌肤，抗菌洁净，用起来很舒服。 （分享自 @喜试网） http://t.cn/RvxTqtM,N,,
867836,男生也能用吗，我也想要,N,,
258071,推荐这款死贵又超好用的欧莱雅洗发水 http://t.cn/RhKG2bX,Y,POS,
685003,聚美的洗护0元购，算好了差不多接近5折，有需要的看看吧，昨天找施华蔻的朋友可以... http://t.cn/8sr3Yf8,Y,NEU,AD
311813,"欧莱雅精油护发来支持，希望我的努力会有收获,加油,希望活动越办越好, 地址：http://t.cn/8kBYjQQ",Y,NEU,AD
131887,嗳呵总体来说还是不错的，无刺激。——评论 @惠惠网 【亚马逊 海飞丝丝质柔滑洗发露700ml+新年红包】        海飞丝主打去屑，这款洗发露通过深度整合独有的三项巅峰技术，可有效去除致屑真菌，在细胞水平重建问题头皮的角质层超微结构，恢复并维持头皮角质层...http://t.cn/8sU2MEZ,Y,NEU,AD
71530,台湾宝岛魔皂 纯手工打造 ：普通产品无可比拟的三大优势.    十二个装洗漱一整套      ：一：控油活性剂 比 马斯卡华沙宣 海飞丝洗发水去屑去油好十个比例       二：祛痘无患子 更安全祛痘 用完见效 不复发 立竿见影          三：收细毛孔去死皮，美白嫩肤➕微信【13106168232】 http://t.cn/RvQZAhL,Y,"Vidal Sassoon=neg
 Head&shoulders=neg",AD
796034,呵呵•••••短頭髮的、坐月子的、不方便洗頭髮的•••••看過來！噴幾下＂牛柳條＂速變沙宣頭！[酷][酷][酷][鼓掌][鼓掌][给力][给力][哈哈][哈哈][哈哈][good],N,,
457484,我收回那三个字，另外给你三个字。“一直在”[爱你]@卡卡是王婷也是潘婷celeste,N,,
1882,清扬男士，无懈可击！//@乐视体育: 皇马球星C罗一人加冕最佳球员、最佳前锋和最佳进球奖[good]要不要这么优秀？！奖杯多到快拿不下了[威武],N,,
724745,Schwarzkopf 施华蔻 羊绒脂深层营养水150ml/支 24.95元 - 发烧族 Flash Sale Zone http://t.cn/zHlvnpA,Y,NEU,AD
984988,加你了,N,,
503614,屈臣氏的潘婷，换购价比非换购价贵啊。。,Y,AMBIGUOUS,
568818,她拥有一头秀发，让他对她一见倾心，日日纠缠于她。终被女友察觉，这天在超市被捉个正着，女友见她身穿工作服，便气不打一处来，冲上前就是一巴掌，“一个销售员，谁给你的自信勾引我男朋友？”她静静整理好仪容，温柔地笑，“是飘柔，小姐，买吗？”,Y,NEU,SAR
741897,家里的洗发水用完了所以今晚开了绿吕来用 ，终于知道为什么这货这么 ，洗发水里面有绿色的小颗粒照片看不出来 ，洗完之后凉凉的好舒服，梳头发完全不会打结之前洗沙宣的梳头那个悲催 绿吕已经没有货了，订了红吕（烫染修复）紫吕(保湿滋润防脱发)的还在路上，这货不是经常有到货赶紧自己再留,Y,NEG,
4428,2#清扬胜利足球#【世界杯庆祝之舞蹈篇 米拉大叔最炫民族风】:. 世界杯历史上的经典“庆祝”，说到与舞蹈有关的庆祝故事，桑巴舞步肯定是最具代表性的一道风景，除此之外，米拉大叔领衔的狂野非洲也同样别具魅力。专题-->:.6~新浪体育视频~[din推撞]撇[熊猫],N,,
618979,『56网 - 罗志祥 曾恺玹【飘柔广告温馨恋曲】两年构成一部浪漫偶像剧！完整版~值得收藏哦~』http://t.cn/8kcH4kW,Y,NEU,Official ad quota
903327,原来唯女神使用潘婷来呵护自己的秀发啊，我知道应该怎么做咯,Y,POS,
424033,我的闺蜜们，都来问我，我是怎么了，怎么没有问你？为什么？@hi潘婷婷婷[泪][泪][泪] 我在这里:http://t.cn/z85jDM3,N,,
784363,@丫丝gone 晚上不用沙宣，和尚洗头用飘柔[哈哈][哈哈][哈哈],Y,NEU,SAR
744186,M家的洗發水不用我再介紹大家都知道好用，一開始用的時候覺得沒什麼，反而覺得多芬沙宣更好用，但是用了幾次之後會發現發質真的變好了！我手上剩下最後三套舊包裝，下次發貨就要等新包裝了，大家快動手吧[爱你][爱你],Y,AMBIGUOUS,
67465,不错的片子，海飞丝大战宇宙怪兽= =评：《进化危机》http://t.cn/RhNvnQ9,N,,
390472,仅需18元，即享原价88元潮人秀【巴黎欧莱雅洗剪吹】精油套餐：高级技术总监精致剪发+欧莱雅洗发+吹风造型+赠送贵宾折扣卡一张(价值50元)！到店需付1元毛巾费！不一样的季节需要不一样的风采！抢购链接：http://t.cn/zQLhkYk,N,,
314918,喜欢巴黎欧莱雅奇焕润发精油的芬芳花香，尤其是玫瑰，洋甘菊。随时随地，都能感受到它带来的清新。,Y,POS,
716069,我最爱施华蔻！,Y,POS,
967729,沙宣是不是更好点呢,N,,
63856,我在#酷我K歌#收听了网友演唱的《包容 (海飞丝明)》，非常好听，简直逆天了，大家快来收听吧！分享自@酷我K歌官网微博 http://t.cn/R7wd9kL,N,,
705358,#中奖公告#巧克力团中奖者@emilyZCL http://t.cn/8krLZXM 联系@哈尼宝贝的屋 领奖；爱音餐椅团中奖者@宝蓓蓓0918 http://t.cn/8krLheH 联系@爱喏母婴 领奖；施华蔻染发膏团中奖者@_Find_MySeLf http://t.cn/8krLbaX 联系@德国福来堡 领奖~~,Y,NEU,AD
495957,@师太爱猴子 好幸福~快递来100朵玫瑰呐~ [鼓掌]@夏莉Hyacinthus @我才是钟文迪 @Vina潘婷 @昱姣伍 你们看...[鼓掌],N,,
900644,2014年10月23日，...,N,,
662983,亲爱的美空姐梦梦都是用的咱家洗护，好漂酿[色]只想说一点不比施华蔻差，我可以说比它好用吗梦梦[害羞]如果你发质不那么满意，就来找我吧，一点儿都不吹牛，谁用谁知道[害羞]以后亲爱的们发朋友圈买家秀而且还推荐我微信号或者微博@我，都可以享受下次购物九折优惠哦👏,Y,Schwarzkopf=NEG,AD
124612,邓紫棋她小弟还是小妹啊！@Cc-颖_Yv @WU--超 @jack旗 @陈海思一直在用海飞丝 我在:http://t.cn/z8ogdiu,N,,
693171,#斐，你莫属#施华蔻斐丝丽新品天猫全球首发，0元赢Smart!  地址：http://t.cn/8sikfYg,Y,NEU,AD
982276,【踏雪】呵护发丝有新招，青丝闪亮随风飘sina 2014-12-24 16:44 2014是本命年，特别偏爱红色，但这一年过得特快，似乎什么事儿都没做，一眨眼就从年初到了年末，瞬间就是冬天~总觉得前路漫漫、不知所踪，挣扎着写了个年终总结后就组团去了泰国玩，让受冻的身心再次感受到阳光温暖的抚摸！ 【踏雪】呵护发丝有新招，青丝闪亮随风飘sina 2014-12-24 16:44 回来这些天，略感疲惫，每天起床时一梳头就是一地落发，这状况总让我有种“未老先衰”的担忧。看着指尖的青丝，难免惆怅，好姐妹推,N,,
415196,超市卖的洗发水很便宜！用完效果好不好有目共睹！[咒骂][咒骂]我们的神器都是富含精华，不含硅油！一流的原料生产，当然效果杠杠的！ 💪 💪 💪欧莱雅施华蔻沙宣潘婷水之密语啥都不算！我们的好用又温和，孕妇都能用！超市货和我们的没法比！[左哼哼][右哼哼] http://t.cn/8FaQSLf,Y,"L'Oreal=neg
 Schwarzkopf=NEG
 Vidal Sassoon=NEG
 Pantene=NEG",AD
441692,胡说！明明是潘婷！//@呆橘cy: 霸王吧！!!!//@3秒姐: 竞猜！明明是去屑的海飞丝！实力派 //@花花滴七七姐:沙宣吧 //@赵六六掌心开出了花:多粪吧 //@花胖耶:拉芳吧 //@3秒姐:是飘柔吗,Y,"Rejoice=NEU
 Vidal Sassoon=NEU
 Head&shoulders=NEU
 Pantene=NEU",
258431,2，御泥坊面膜贴 65RMB；4 ，百雀羚气韵 焕白褪黄套装 149RMB；6，欧莱雅奇焕润发精油100ml 66RMB。是吧是吧[嘻嘻],Y,NEU,AD
481789,[哈哈]一大早收到我守护者的短信叫我多穿衣   连思德我都唔想听了[心][心]@Lilili娇 @戴着头盔的潘婷 @守把开的关关 我在:http://t.cn/zRMFvNL,N,,
420490,我家蚕宝宝吐金丝了，我把幸运带给你们[哈哈]@狼小黑黑黑 @这里是潘婷 @杨洋icon @Nick程诺 @炎亞綸 @马里奥毛瑞尔MarioMaurer 我在:http://t.cn/8smZcj0,N,,
636191,太佩服飘柔爱转角的女孩们了，太勇敢了！,N,,
1156,#清扬胜利足球# http://t.cn/zTzGzs1这期讲伊斯科的那几个背景音乐是什么,N,,
414881,飘柔+潘婷（怎么可能是我）,?,,
60741,果然有得必有失[哼][哼]我亲爱的海飞丝[怒][怒][泪][泪],?,,
288335,【视频范冰冰多效修复5损伤复元洗发露广告大片2014年巴黎欧莱雅30秒—在线播放—优酷网，视频高清在线观看】范冰冰多效修复5损伤复元洗发露广告大片2014年巴黎欧莱雅30秒 范冰冰多效修复5损伤复元洗... http://t.cn/8FTCC37 （分享自 @优酷网）,Y,NEU,Official ad quota
407808,#微信积分加油战# 最新指定店内潘婷乳液修护试用活动，不包括以下哪个城市？A.广州；B.深圳；C.珠海；D.大连【转发并答对，姐将抽出1名幸运儿送上好礼~(截止8.31)】搜关注“宝洁生活家”回复【J】即可参与更多题目，赚微信积分当钱花~[xkl转圈],Y,NEU,AD
599615,发表了博文 《沈城九成消费者 不知洗发水含防腐剂》 - 某第三方机构近日检测海飞丝、飘柔、清扬、巴黎欧莱雅、舒蕾、拉芳、霸王、追风、养元清等9个品牌洗发水，发现去屑剂的含量并不一样，一些产品所含的防腐 http://t.cn/8sQeRC9,Y,"Head&shoulders=neg
 Rejoice=neg
 Clear=neg
 L'Oreal=neg",AD
766183,http://t.cn/8stkqPi 尛荭荭推荐~~沙宣弹力素,Y,NEU,
369445,好用CRY，欧莱雅奇焕润发精油是油不油！！！滋润顺滑不油腻，炒鸡好评！,Y,POS,
657818,#爱茉莉护发精油#秋季是头发最容易干枯分叉的时节！现在市面上大多数护发精油都很昂贵，不想花太多💰又想要很好效果的宝贝们可以试试这款精油，效果完败卡诗和施华蔻，而且大家不知道的可以问问度娘，爱茉莉其实是一家享誉全球的大公司呀！💎💎💕💕,Y,NEG,AD
491115,[兔子][兔子][兔子]身上有烤肉味么！已洗澡[哈哈][哈哈]小心梦到小怪兽[甩甩手]@panda潘婷_,N,,
777949,多芬沐浴露、沙宣洗发水、海飞丝洗发水[嘻嘻][嘻嘻][哈哈]，我把价格都拍上l。,Y,"Vidal Sassoon=NEU
 Head&shoulders=NEU",
812007,这个还是不错，上次买也是看了说明书才买的,N,,
13390,柠檬的我喜欢哦，不过之前囤的货还没有用完哦——评论 @惠惠网 【清扬 男士洗发露清爽控油型（400+160）ml 仅部分地区有货】 这款清扬男士洗发露清爽控油型(400+160)ml专为男士设计，内添加了柠檬精华，能够有效去除头屑、油腻和汗水，抑制头痒、油腻等问题，...http://t.cn/8sEYwBH,Y,NEU,AD
886201,楼主，我也是用了潘婷，头发刷刷掉，后来用了优钻和吕，都掉头发。。。求楼主豆油 小菠菜 豆啦～>3,Y,NEG,
359548,据说，紫外线都会伤害到头发，我朋友给我推荐用欧莱雅奇焕润发精油，用过之后发现真的太赞了，我也要参加,Y,POS,
760722,VS 沙宣 垂坠质感 润发乳 750ml 39元（限华北，西北） 促销详情:http://t.cn/8sepaMs #什么值得买-发现频道#,Y,NEU,AD
631256,[嘻嘻][好喜欢][求关注][不好意思]@方丈用飘柔 谢谢李先森给我的新玩具！[推荐][好爱哦],N,,
440860,#发现新潘婷# 新年马上到了，靓丽当然要从头开始！最近染发烫发的人真的太多了，Suri前阵子也染了头发，过了一个月颜色还很好看，奥秘就是最近用了@潘婷Pantene 新潘婷染烫修护系列哦，添加的角蛋白隔离因子可以有效阻隔染烫给头发造成的损伤，修护+隔离损伤，让染烫发持久莹新呢～你也快试试吧！,Y,POS,
523738,要想头发飘，就得用飘柔。飘柔，不是一般的柔，可以自制飞机头😂😂 http://t.cn/R7aWLoK,Y,POS,sar
446152,"#ShineStrong#潘婷邀你一起做最闪耀的自己奖品非常好，朋友快来,希望幸运女神眷顾我.[抱抱], 地址：http://t.cn/8FL9krm",N,,
487891,--潘婷--攻略。,N,,
628274,@岸雨飘柔 呆仔，新月新字頭，恭喜你正式步入2字頭，成為奔3一族[鼓掌][阴险][偷笑]生日快樂啊親～！ [蛋糕][干杯][礼物][照相机]你說，這麼多年了我們還在玩偷拍，那就送你一張偷拍照好了！！！感冒記得回來地球看醫生，不然在火星就暈暈的學不進高數啦[奥特曼]我送的喇叭丸你今天吃了嗎？[偷笑],N,,
388180,高温热浪刺激下头皮容易出油出汗，秀发极易失去水分变得干枯毛躁，#特别特#美发连锁推出欧莱雅丝泉舒缓#护理#，秀发养护，头皮舒缓，滋润秀发，恢复头发的韧性和柔性，让你摆脱秀发干枯烦恼。活动价80元，还有卡尼尔BB霜相送，详情请见各门店海报。电话0991-2817888。,Y,NEU,AD
694062,施华蔻很专业！,?,,
597124,撕男人的褲衩兒原來這麼爽～飄柔～就是這麼自信～@SisiyWang 我終於理解妳撕二逼軸褲衩兒時的感jiǎo了～[偷笑][偷笑][偷笑] 我在这里:http://t.cn/z8AG7qH,Y,NEU,SAR
412223,#展先生最强大脑#来自新西兰的艺术家和他的朋友们在i沙滩创作了一幅幅充满创意的3D沙画。哈，是不是又多了一项沙滩运动可以玩了？不过浪花一来，画就得消失咯~不过小编编很纳闷的是，他们如何防止还未画完，大浪就来了呢？[疑问]@红海管理咨询@PanT-潘婷@嘉茵MINNIE@杰baoerr@鹏程酩友酒窖@林逸辰2o12,N,,
880457,看到过你哦，青子，鉴定过了，是个美女,N,,
390238,#欧莱雅慧眼识星品#左边是巴黎欧莱雅奇焕润发精油；右边是巴黎欧莱雅多重防护隔离露@巴黎欧莱雅,Y,AMBIGUOUS,
281,#清扬胜利足球# http://t.cn/zTzGzs1托雷斯心酸啊  哎  怀念曼联与利物浦的对决  曼联球迷留,N,,
721251,【Schwarzkopf】施华蔻家又有活动啦！！ 全场折扣大部分都是只要几磅啊！！而且现在购买任意施华蔻产品即可获得施华蔻保丽修护救援焗油（受损发质适用）一瓶，到7月30日结束/送完即止！需要的收啦！！购买地址：t.cn/zQfdUMp,Y,NEU,AD
741940,我最喜欢的3个宝洁品牌：玉兰油、护舒宝，沙宣,Y,POS,
307232,欧莱雅精油护发辛苦的努力会换来勤奋的果实啦: 地址：http://t.cn/8kBYjQQ,?,,
139614,我还是坚持认为洗脑就像洗头 你一个海飞丝凭什么损我们用飘柔的啊 你有什么权 自己的钱自己的头自己都不能决定用啥洗非听你的跟你一样吗你是传销大拿啊？自由意志是尊重有所忠实有所坚持 不是反一切不同 你也配当个公知？母猪都不愿意让你配！,Y,"Head&shoulders=ambiguous
 Rejoice=ambiguous",
683943,http://t.cn/8skNWj2 990天猫积兑换 施华蔻套装,Y,NEU,AD
375282,#欧莱雅奇焕润发精油#[笑哈哈]哈哈，终于等到这个活动喽。等了好长时间了，来吧，大奖  地址：http://t.cn/zROCjIS,Y,NEU,AD
649202,如果连免费的东西都视而不见，那人和咸鱼有什么区别……呐，现在免费试用活动“新浪时尚试用：施华蔻至臻修护精油润养液”正在进行，别说我没告诉你~ http://t.cn/RzoOIKZ,Y,NEU,AD
823263,亲们、家里有人在宝洁工作、代卖海飞丝和潘婷的洗发水、还是出口货哦、200ml 18元、400ml 25元、刚看了下京东都没这个便宜呢、而且是出口货肯定比市面上的要好、大家懂得、有意者私信我、买的多的给亲情价！！！买到就合适！！[愉快][愉快][愉快],Y,NEU,AD
345361,好时髦欧莱雅护发土豪金//@全球热门搜录: 遥望当年遭哄抢的IPHONE土豪金，如今性价比更高的#欧莱雅护发土豪金#更受女性亲睐~感恩节的感恩礼送起！,Y,NEU,AD
868287,男生昨天晚上烫的头发 我...,N,,
853628,店铺不错，宝贝也给力，潘婷海飞丝，还有飘柔，就是这么自信，嘿嘿，潘婷海飞丝深度3分钟，欢迎每天来互访,Y,"Pantene=neu
 Rejoice=neu
 Head&shoulders=neu",AD
840859,@阳光照耀大榕树 1616162楼 2014-04-18 15:11:22 　　6秒前 通过搜狐微博 删除 转发 评论 　　方舟子 　　所以我担心她会逃回韩国去。【潘婷，女，笔名素素，1979年生于上海。师范大学毕业后，留学日本，目前暂居韩国。现任韩国忠北堤川市市政府特聘汉语讲师、中央洞事务所特聘外语讲师、隶属教育局。幼承家学，在家父（上海市陈氏太极拳协会副会长、香港混元太极协会名誉会长）潘厚成先生的多元化熏陶下，逐渐对中国传统文化产生了浓厚兴趣。】 　　◇ 　　...... 　　-----,N,,
459569,在教室听风，出教室吹风，走哪哪有风，风为你造型，风吹你进草坪，无论你头发多么顺滑，甭管你今个还是昨个亦或是大昨个洗的头发，甭管你用的是潘婷多芬还是巴黎欧莱雅，出门三分钟包你梅超风，有风有风就有风~[熊猫][熊猫],Y,NEU,sar
239253,什么“海飞丝”本季最实力男人~真心会打擦边球，不花钱让人家给你打广告！！,N,,
440116,我要关注你，支持潘婷,?,,
483647,事件一:四川达州1500名女性集体投诉：护舒宝丝薄卫生巾使其感染霉菌 事件二:宝洁只认自己的标准，无视行规 事实上行业协会公布洗衣粉质量调查 汰渍不合格 事件三: 宝洁公司旗下四大品牌（包括潘婷洗发水、海飞丝洗发水、舒肤佳香皂和佳洁士牙膏）被宁波海曙工商所立案调查，致癌物含量超几十倍,Y,NEG,AD
113936,"来听听我唱的《海飞丝的芳香》,击败了全国0%的人. 试听地址 >> http://t.cn/8sBMU3l (通过 #唱吧#录制)",N,,
359518,现在我家那口子越来越爱摸我的头发了，简直把我当小狗了！这都是因为用了欧莱雅奇焕润发精油,Y,POS,
880196,ヤ１直Smile 发表于 2014-6-18 12:07:28 那位吃龙虾的漂亮萌美眉是你吧 应该不是把，，大众脸，，哈哈,N,,
420664,“为什么我和别人不一样？”“为什么？你要和别人一样？”--潘婷，you can shine!,Y,NEU,Official ad quota
644826,与大家分享我所喜爱的照片！@最炫姗幂风#飘柔自然之美# “一张照片证明你是自然系女生” 地址：http://t.cn/zTlsUIa,N,,
867447,亲的券我都喜欢的哦亲愿意换啥呀 随便选 有dior kancome粉底 丝巾 麦当劳杯子 欧莱雅小样 洗发水等 选一样也可以其他给米,Y,NEU,AD
52993,#清扬绝杀时刻#昨晚看we比赛，感觉跟看NBA绝杀差不多了。,N,,
847747,春天头发更需要补水，倍瑞丝的真不赖。,N,,
588102,[偷笑][花心]【TVB经典限制级广告：不小心摸到女朋友胸部 】佢真系无心嘎...点知你D头发滑到甘先得嘎[阴险][给力]！！！ [视频]http://t.cn/zTxOemc 哇擦，笑屎了...[哇哈哈] [哇哈哈] 史上最牛逼的飘柔广告。[推荐]真特么的有创意！[赞啊],Y,NEU,Official ad quota
799140,#沙宣梳造百变# #沙宣梳造百变#说出你最爱的发型 好礼免费送给你  地址：http://t.cn/zTqbRii,Y,NEU,AD
684397,6 能治疗口腔溃疡的美白牙膏 德国施华蔻旗下的产品 用完牙齿亮亮的 牙渍都可以刷掉哦,N,,
668826,#天猫717晒出正能量#扣子们，天猫正能量第二季来啦，施华蔻以正品之名献礼！@妙音女神2013,N,,
402881,瞧孕妈咪，漂亮的肚皮[花心][花心]使用后和梳子说拜拜[doge]拯救你的干枯头，大油头，改善秋季开叉断发掉发。你以为用超市的日化就能解决你的发质问题❓哪家发廊也不用海飞丝，潘婷。我家洗护是专业的美发护理专供。孕妇哺乳期均可使用[玫瑰],Y,"Head&shoulders=ambiguous
 Pantene=ambiguous",
1796,#清扬NBA限量版洗发水#值得期待！！走过路过不可错过 http://t.cn/R7LoCAg,Y,NEU,AD
415526,跟潘婷是一个味道，可惜囡囡还的一个多月才能洗澡,Y,AMBIGUOUS,
495751,#夏至未至#潘婷我爱你,?,,
805552,http://detail.tmall.com/item.htm?spm=a1z10.4-b.w4004-9956727543.1.YnYAJ5&id=13407251545&abbucket=_AB-M130_B17&acm=03131.1003.1.53417&aldid=de7uUyeg&abtest=_AB-LR130-PV130_1092&scm=1003.1.03131.ITEM_13407251545_53417&pos=1 这个就是那个产品的链接。去看看追加评价吧,?,,
860244,"其实因为每个人的肤质都不一样的，所以没有一种染发剂是适合任何人的，只有适合自己的才是最好的。 我看到一个美容导师的博客,博主非常仔细的把自己用后的评测结果发布出来。 可以去看看，参考下哈 博客网址：http://sina.lt/tdr 。。。。。。。。。。。。",N,,
440446,“别让别人的看法，挡住了你的光芒”，这是最近火热的菲律宾潘婷励志广告里的一句话，新的一年，中青旅预祝各位[话筒]策马奔腾共享人世繁华，对酒当歌唱出心中喜悦 ，轰轰烈烈把握青春年华…………,Y,NEU,Official ad quota
717448,天气渐冷，是否在为用什么样的洗发水而头疼呢？是否想让自己的发质漂亮又健康呢？越来越多的人在寻找专业线的洗护造型产品，因为他们知道专业的产品是可以从护理头皮开始对头发起到一定的帮助的，关注@candy护肤发品，即可购买到性价比最好的洗护造型产品。牌子有施华蔻、水谷、柏蔻等专业品牌。,Y,NEU,AD
478080,[赞啊]潘婷“植物精萃”系列用起来,Y,NEU,
502145,男女合唱潘婷广告歌，[围观]预备.....唱！！注意表情，注意节奏！！好、保持！！[围观],Y,NEU,Official ad quota
543046,阳光越过窗沿，午后慵懒的天，白云卷起日头，映在水里的面。秋风过境的思念，拖着如醉的枫叶，洒在湖的中间。远山传来的歌声，泛起了秋日的涧，水波柔柔的清潭里，小鱼儿轻轻的转。水草的飘柔，奏出曼妙的五线谱，你跳动的音符，如梦的舞出清影，映在画里的涧。,N,,
683269,在小卖部刷了一瓶施华蔻烫染修护精华，涂得满头满手都是金粉…,Y,NEU,
453679,#潘婷最火视频| #ShineStrong#坚定让女人更闪耀#别让别人对你的看法，遮挡了你的光芒[good] 我分享了http://t.cn/8kTpHYX,Y,NEU,Official ad quota
832636,黑长直的头发，发质粗硬，每天都的洗头发，不洗就感觉油。现在用沙宣垂直坠感洗发水，想换成lush ... 涓 头皮油还是整个油捏？,Y,NEU,
562953,来看看我拍的MV：“#十秒广告#@美图 解决秀发3大难题。 用飘柔就是这么自信😜😜😜#搞笑# @和尚洗头用飘柔”，点此播放>>http://t.cn/RPB3KwN（通过 #美拍# 录制）,Y,NEU,SAR
852695,"2014-5-26 15:09 上传 下载附件 (47.09 KB) 左边是强生的，全新10元。右边是十八坊，用过一两次，5元吧。 5 O"" e- [4 }; y$ R$ C; V1 Y0 ^ 2014-5-26 15:10 上传 下载附件 (36.57 KB) 潘婷乳液修复去屑750ml，38元。 ; D K2 J0 W6 c, @/ l 2014-5-26 15:11 上传 下载附件 (44.37 KB) 力士新活炫亮套装，25元。来自[妈妈圈Android版]",Y,NEU,AD
770737,沙宣男麻豆啊，我的光彩来自你的风采！,N,,
6931,清扬洗发水能滋养发质 还能让人变的轻松起来~,Y,POS,
742757,喜欢潘婷、舒肤佳、沙宣。[赞],Y,"Pantene=POS
 Vidal Sassoon=POS",
294866,"#我的欧莱雅秀发非凡时刻#@宝贝宝贝_win @2014熊霸天下 @虾仁蛋蛋2013  ,我觉得最需要使用到欧莱雅奇焕润发精油的时刻是参加party前(来自 http://t.cn/8Fp5nsS )",Y,AMBIGUOUS,
52365,#清扬胜利足球#退役的赛季是8场12球,N,,
411810,呵呵，潘婷你说你到底算个什么阿，让自己的人生一步步走到如今，只有你自己这个傻逼，对当年的事如此的介意，只有你个傻逼，如此卑微的维护着身边的可以给你温暖的人和事，如此卑微的活着，卑微的生存,N,,
404051,怀疑是潘婷防脱洗发水导致我细腻的皮肤长红疹子，还痒痒。,Y,NEG,
16426,#3月14日派节，送派给好朋友# http://t.cn/8FnkbKB 让友情像π一样无限！2/26-3/20期间分享漫画给好朋友，即有机会赢取友情大奖哦~ 亲，快看，这不就是你么 @Clear清扬,N,,
671579,#斐丝丽花园咖啡店# @施华蔻官方微博 小巧的旅行套装，气味芬芳，非常好用哦~~小袋包装也是非常的精致，拉链还带锁扣，[可爱]细节处见品质[赞],Y,POS,
673128,【编辑评测：施华蔻染发摩丝】在家DIY完美染发 想要把秀发染色，但又不想去美发沙龙，想要自己DIY的人群不妨试一下这一款施华蔻染发摩丝吧！它操作起来十分方便，只需30分钟便可以在家里完美染发。 。 [... http://t.cn/zHBLRWe,Y,POS,
865722,《初年这件小事》女主演b...,N,,
230125,海飞丝男士去屑洗发露多效水润动能型秒杀:#海飞丝去屑实力派#男性头皮皮脂的分泌比女性旺盛，更易出油，选择海飞丝男士系列，无惧出油尴尬，远离头屑问题！5月9日至5月15日登陆屈臣氏会员网站即可参加会员尊享秒杀，获30元购原价48.5元海飞丝男士去屑洗发露的名额，全国限量300份 http://t.cn/hgOzVb,Y,NEU,AD
704673,我喜欢“施华蔻幻彩染发霜”，它的功效“染发“很有用！晒妆狂app，随时随地获取最全最新化妆品信息，更有百万网友心得供您参考！下载链接：http://t.cn/zOdrBWP  @YOKA化妆品,Y,POS,
722084,#分享#原来施华蔻也有儿童洗发水，草莓牛奶味，小朋友一定很喜欢。,Y,POS,
15855,#321订货会# 【便宜好货在当中】清扬男士去屑洗发露！14.24元/套。支持阿里巴巴中国,Y,NEU,AD
483891,"北京电影学院周梦炎。1988年12月出生于苏州，身高：170cm。体重：47kg。血型：ab型。星座：巨蟹座。""足球宝贝热力赛""八强，网络人气冠军。潘婷之星选美大赛冠军。靓丽青春，柔情绰态，无时无刻不散发着诱人的风情。",N,,
497739,"闻香识女人 最喜欢的洗发水香味我来啦，参加活动，收获惊喜，祝小编天天开心，祝我好运降临，(*^__^*) 嘻嘻…#闻香识女人#潘婷潘婷,!. 地址：http://t.cn/zHwaYSV",Y,POS,AD
629925,lala~[xkl转圈]奇迹小#发膜#上新~[太开心]发质其实很重要哦，如果你是美女，却没有柔顺光泽的头发，那真的是美中不足[悲伤]开叉，毛躁，梳不顺？一罐小发膜就可以让你头发重新“飘柔”起来哦~[可爱]赶快背影杀手做起来~[害羞]小发膜一罐500g，就算是受伤9度的“烂发”也一样可以恢复光泽和柔顺~[鼓掌],Y,NEU,AD
676179,施华蔻[花心][花心][花心]@Lego-葉 @SONGYIJINXXX @黑眼圈小豆豆,?,,
666544,#施华蔻正献礼 以正品之名#为了我梦想而努力，付出了，我就不后悔毕竟我努力过啦,Y,AMBIGUOUS,
488510,@------梁冰是赖床女王 @ENG韩稳定 @Tirrta潘婷 @邢增武Q @半夏__together @-中国陆军特种兵 @一清二白三姐姐 这个蛮好喝的。。。你们觉得吗？,N,,
280087,在邻居姐妹团的围观下，我给宝姑娘剃了一个头，顿时觉得特别眼熟的发型，靳羽西！孩子，母上我手艺不错吧[哈哈]，人家欧莱雅总裁也就这发型呢。,N,,
497643,小龙龙@JENNIFER_泳 给我再拿三瓶潘婷，要这个滋润护发的哦[好爱哦][好爱哦][好爱哦][好爱哦]这个洗起来头发好柔顺好柔顺的说，护发素都省了[噢耶][噢耶][噢耶],Y,POS,
9532,今天葡萄牙真是点子挺背。点儿背不能赖社会。但德国战车还是一如既往地牛〜〜啦啦啦啦〜被解说逗乐啦〜＂平常梳得一丝不苟的头发，今天显得有些凌乱。＂是告诉我们别用清扬么。＂虽然没有坐上电梯，但却像一发炮弹。＂😂哈哈哈〜〜睡觉。C罗不哭，站起来lu。 http://t.cn/RvihVph,Y,NEG,sar
420185,【视频【梁吉娜】日常头发、皮肤使用产品分享—在线播放—优酷网，视频高清在线观看】【梁吉娜】日常头发、皮肤使用产品分享 理肤泉安洁洗面奶 玳梦菲嫩肤水 玳梦菲水润精华霜 潘婷颜色保护三大卷洗发水和护发素... http://t.cn/8sVfWCC （分享自 @优酷网）,Y,AMBIGUOUS,
729157,有两种方法哦，一种是用造型品比如发胶，定型喷雾之类的，推荐施华蔻劲能喷发胶，一种就是用丰盈的洗护产品，比如卡诗的丰盈活力系列，洗完后有蓬松效果,N,,
795923,【KEVIN老师：维达.沙宣逝世经典发型印象深刻】发型大师维达&#8226;沙宣逝世，受到时尚界，美发界众多名人的关注，KEVIN老师表示对沙宣打造的经典发型都记忆犹新。 http://t.cn/zTwSw3q,N,,
771269,2013沙宣方圆三角几何修剪剪发之路沙宣理发剪发书籍教材光盘 http://t.cn/8FkyPeP,N,,
218283,当月完成我负责的定投业务我奖励奶茶一杯彩票一张〜〜当月完成我的网银业务的奖励洗发水一瓶，海飞丝必须滴！[嘻嘻]当月完成我余额任务滴奖励电吹风一只，保证菲力浦！[花心][花心] 我在:http://t.cn/z8ojnt3,Y,NEU,
252616,#欧莱雅一滴改变等你见证# @jizixuan @sisi_90952 @最后雪山来客 喜欢仲间由纪惠的长发，从《极道鲜师》到今年新剧《SAKURA》，从刚出道的小清新到现在的为人妻，她多年发型都没怎么变，这也是一种坚持，希望我也能有她那样的坚持！,Y,NEU,
769590,我上传了一张乔斯·沙宣的图片， http://t.cn/zYyR6f5,N,,
187281,【视频：彭于晏海飞丝泰国拍摄花絮】 （分享自 @优酷网） http://t.cn/zRxF4eM,N,,
111534,🆕这款洗发套装一看到就特别喜欢😳太好闻了，很持久哟。这款的包装🎁看到实物我敢肯定➕确定女生都会被这个包装惊呆😝纯正冰淇淋🍦色系！所以我没有拒绝它理由😳😲😂每套2瓶(洗发乳+润发乳)💪 一共3种功效。。绝对比神马潘婷，飘柔，海飞丝好用几亿个档次😲  微信amiao_0409,Y,"Pantene=NEG
 Rejoice=NEG
 Head&shoulders=NEG",AD
397023,#大白菜好物tag#难得有这种话题 所以好想发一次！刚入坑不久所以喜欢白菜好物 好用的处理了图片和写的真心话❤️放不下了头发我用潘婷的精华乳护手霜喜欢鸡蛋花的格兰玛弗兰@Alpaca化妆的草泥马,N,,
803304,回复 翼SHE :现在产品多的很，什么是好产品，安利好吧它也是从推销开始，保险每个人都需要吧，也要上门推销。海飞丝好吧，那你是否一直用海飞丝？你用的话，那是否清扬的就不好，你不用的话是否海飞丝就不是好产品？每个人需求不同，我见过用了有头屑的没见过用了手疼的。只能说明不适合而已，30元给你产品带给你服务，难道不值这个价？有没有拿你钱不给你产品或者是拿刀架你脖子上非要买,Y,"Head&shoulders=NEU
 Clear=NEU",
808399,你们有人发现最近生孩子的辣妈生的都是女孩儿吗?,N,,
481660,喝班章茶，西双版纳名茶。@封面潘婷  我在:http://t.cn/zRJcSnE,N,,
648769,孩儿面，施华蔻，百特。家有两宝，必备孩儿面呢,N,,
17453,#清扬携手恒大再创冠军表现#回顾2013恒大亚冠夺冠之路，心中只有一种荡气回肠的感觉。如此无懈可击的卫冕冠军，难道不值得球迷们为之加油助威吗？！http://t.cn/8F3m4tU ——Mr. CLEAR,N,,
740991,有时候创意不需要太复杂 @沙宣VidalSassoon,N,,
901844,PANTENE潘婷PANTENE潘婷丝质顺滑洗发露。富含Pro-V维他命原和水养平衡配方，能有效修护毛燥干枯，令秀发盈润柔滑，尤其针对毛燥、干枯、不易梳理的发质有很好的效果。补水因子能深层滋润秀发，防止毛躁打结，持久保湿。规格750ml。 京东目前售价39.9元，参加满199-100的活动，购买5份实付99.5元包邮，合19.9元/件，近期好价，潘婷乳液修复洗发露750ML，目前同价，可以搭配，量有点多可以和朋友凑单购买。 购买详情链接 PANTENE 潘婷 丝质顺滑洗发露 750ML　39.9,Y,NEU,AD
830706,潘婷婷 潘婷婷：革命的叔叔们，我们一定不辜负你们的期望，好好学习，报答祖国！ 连云港市新浦区新海小学三（1）班,N,,
879061,新来贵吧，求解,N,,
654489,博主等等我，双十一我要把施华蔻都搬走。,Y,POS,
844277,已经没货了~~,N,,
326004,感恩节的礼物真的很感人欧莱雅护发土豪金,Y,NEU,
851359,自从换了洗发水我也这样了，换的是清扬女士用的，去屑效果不错可是头发开始大把脱落感觉得不偿失。,Y,NEG,
702776,"@施华蔻官方微博 又用完一瓶了，,超级喜欢[爱你]味道好闻[爱你][爱你]用后没有粘腻感[爱你][爱你][爱你]每次在吹头发前要喷喷，吹完后再喷[亲亲]，虽然用得有点心疼。效果怎么形容呢？反正我烫染后三个月一根开叉都没有，我的发型师夸我的发质变好了[鼓掌][鼓掌]。（当然也配合全套的洗发护发系列）",Y,POS,
966787,我还是喜欢干净利落形象的女孩子呢,N,,
574089,Rejoice 飘柔 倍瑞丝专效护理专研顺滑 洗发露 700ml 24.5元（可满99-30 低至18.5元） http://t.cn/RvmuWeO,Y,NEU,AD
610627,【视频20121118上海非誠勿擾飄柔愛轉角1—在线播放—优酷网，视频高清在线观看】20121118上海非誠勿擾飄柔愛轉角1   http://t.cn/zj2ovaT （分享自 @优酷网）,N,,
849233,嘿嘿，我又想去了，老夫人还说过些天去呢,N,,
521875,《不小心摸到女朋友胸部》哇擦，。笑屎了 。史上最牛逼的飘柔广告。真特么的有创意。,Y,NEU,Official ad quota
167815,"#亚马逊让红包飞# 分享即可参加新浪微博让红包飞有奖活动。新年惊喜大礼等你抢！活动时间2014年1.6-2.17。我刚在@亚马逊 找到了H&S海飞丝去屑洗发露护根防掉型750毫升(新旧包装更替,随机发货) 品牌: Head & Shoulders 海飞... http://t.cn/8FGx7HE ",Y,NEU,AD
47644,海飞丝什么的比施华蔻好用多了好吗！日系洗发水还有施华蔻这些压根就是洗完还有头屑的啊，油头皮果断还是转到海飞丝或者清扬吧洗一次清爽很久呢,Y,"Head&shoulders=POS
 Schwarzkopf=NEG
 Clear=POS",
748205,北京沙宣学校学子应邀参加【音乐现场节目 何洁 】，大家帮忙多转噢！-http://t.cn/Rv1M0wU,N,,
786003,用了沙宣定型么,N,,
465837,扫二维码加微信，潘婷套装及300份代金券等你拿！我要当潮人哈哈!果断转果断转果断转果断转果断转果断转果断转果断转果断转果断转果断转~!~! 地址：http://t.cn/8kPxAy7,Y,NEU,AD
453262,"今天收到了宝洁发来的潘婷时光损伤修护组合~是妖妖参加宝洁生活家的活动奖品，好惊喜的~~刚刚好没有洗发用品啦，宝洁来的太及时啦~~刚好和我的修护凝露配成一套~感谢生活家@宝洁生活家 ,谢谢礼品~~大家快来积极参加宝洁生活家的活动吧~~奖品多多哦~www.shenghuojia.com",Y,NEU,AD
58957,我在 @知乎 回答了【男的怎么护肤？我是从小就洗脸舒肤佳，洗头海飞丝那伙的。冬天脸爆皮，有没有什么规范之类的让皮肤变好？】：舒肤佳，海飞丝去屑性的去污力强。夏天还好，出汗多，不显啥。冬天，天气冷，风强。出汗少，皮肤分泌皮脂也少，滋润不了。建议用些滋润类的膏或… http://t.cn/RzxxLwT,Y,POS,
108068,【营销要找个好名字 别只想着翻译这件事】别只想着翻译这件事，海飞丝跟Head & Shoulder听起来没有半点关系，可口可乐就完全不一样。重点是，怎么让人记住它。 http://t.cn/Rvw2k5H  （分享自 @总裁网官方微博）,Y,AMBIGUOUS,
897729,不可向迩 发表于 2014-3-24 20:04:36 嗯。我也不喜欢海飞丝。白色资生堂要比蓝色更润一些的感觉。 不过感觉性价比还是力士那个红色的高，洗了 ... 红色的力士? 慢点下次我试试看,Y,NEG,
979975,飞飞商城即将在12月17日至12月19日举行为期3天的日用百货疯抢专场。日用百货，全网低价仅限3天喔！ 同时，12月17日10点（明天早上10点）派发年终大促220元红包大礼包。其中，红包可用于购买全网最低价的日用百货商品喔！ 摩擦再摩擦，优惠再优惠，打折再打折！ 1. 红包大礼包如何领？ 2014年12月17日10:00:00起可以通过微信公众号（feifeimall）或登陆网页（www.feifei.com）领取“年终大促220元红包大礼包”，每个手机号限领取1次； 2. 红包大礼包有多爆？,N,,
408411,【超感人！】泰国潘婷励志广告《You Can Shine》，一个关于成长的故事，配上经典曲目《卡农》，里面有一句对白，女孩问：“为什么我和别人不一样？”老人回答道：“为什么……要和别人一样？”活出你的闪亮吧！ http://t.cn/htQsE （中文字幕）,Y,NEU,Official ad quota
653317,#双11狂欢#@小明朗的妈咪 分享：京东 施华蔻斐丝丽樱花护色洗护套装（680洗发*3+50营养水）99元，味道很好闻，洗完头发很顺滑 http://t.cn/R7dG2Od #双11#,Y,POS,AD
573882,#飘柔·和你一起说出对他的爱#但现在好像不太可能 做这些  我觉得以后会有这个机会  我以后自己打工赚钱  哪怕我有多累  背有多痛 腿有多酸 我还是会做完我想做的事 http://t.cn/RPGbENT,N,,
451032,突然听见一首儿歌，恍然想起下学期要学唱至少100首儿歌，我有种蛋蛋的忧伤。我又想听王潘婷唱《捉泥鳅》了。,N,,
185612,KD在手，胜利我有，有得分王在，一定错不了。我看好俄克拉荷马雷霆队能砍下 5 场比赛中的最高得分，猜对了有机会赢得 @海飞丝实力派 的奖品，懂球帝速来！ http://t.cn/8kxLm2y,N,,
10462,【亚马逊中国 Z秒杀：CLEAR清扬男士去屑洗发露套装(活炭净爽型750ml+活炭净爽型16...】￥69.00 (6折)限量: 30，70%已抢购 http://t.cn/Rv6a0Mt,Y,NEU,AD
862308,楼主怎么破，求一个略长小清新点的，烫不烫，都可以前面头发有点卷,N,,
762092,前段时间上课，看到有人拿着一瓶洗头液在不停地喝，紫色的有点像沙宣。于是专门用心记住了洗头液的牌名。今日上网一查，竟然如此鄙视我自己。,Y,AMBIGUOUS,
276697,#我的欧莱雅秀发非凡时刻#我在欧莱雅懒美人秘社里最喜欢的“懒”美人小贴士是懒美人美丽秘诀#48 - 美甲贴士3，因为可以利用简单的胶带你可以做出很多不同的造型哦~ ，省钱了,N,,
486142,文成看起来挺破的，但是主办方好大方，让我们住的酒店各种高端大气上档次，感觉是四星级的水准，接送的也是豪华大巴#报平安#@孟子也词穷了 @仰角26 @坏脾气别扭的小怪兽 @潘潘潘婷_petty,N,,
296787,妞你在视频中推荐欧莱雅的洗发水产地是那个国家的！//@panda静629:土豆网上有信息//@Mira佳儿:妞你推荐过伊索的爽肤水是那款，准备买洁面和爽肤水,Y,NEU,
458018,潘婷以呵护秀发为主，这么碉堡谁不喜欢呀！！[哈哈]哈哈~//@陈昊强: 刚留了光头活动就开始了，刚长出来点儿可怜的头发，活动就结束了。。小伙伴们还能不能快乐的玩耍了。。。[泪][泪][泪],Y,AMBIGUOUS,
152016,【视频小曼老师揭秘秀发健康_Part1_海飞丝丝源复活_新浪播客】小曼老师揭秘秀发健康_Part1  http://t.cn/zQs8oLr（分享自 @新浪视频）,Y,AMBIGUOUS,
342728,送妈妈送奶奶，年度最佳单品欧莱雅护发土豪金,Y,POS,
876965,先回复这个妹子 当时那个帖子出来之后，负责的管理就立马找店主去撕逼了 但是人家有凭证有证 ... SPP 关于这个洗发水的团 我想说一说我的感受 当时属于纯跟风（不想在家洗清扬男士去屑洗发水了）买的 同事和同学请我代买 我们总共买了三套，都是欧巴的 我兴奋的回家使用了两次之后 那个头屑能吓死人 刚洗完的头发那头屑都是大块大块往下掉那种 总之就是很恐怖 所以我怀疑这个洗发水有问题 不是假货就是次货 然后我问了同事和同学使用感 结果她们都表示非常好用 没有头屑 洗完头发顺顺的 然后我也不知道为什么,Y,AMBIGUOUS,
396200,刘亦菲汤唯最新版潘婷广告,Y,NEU,Official ad quota
601371,@金秀贤 我正在用PPS影视圈，可以记录、分享好友的影视动态，挺好玩的，快来PPS影视圈搜索 贫尼洗发用飘柔x 关注我吧:http://t.cn/zTKi2n2,N,,
770544,[生病][生病][生病]能不写课题论文就毕业吗？！[衰][衰][衰]写累了想洗澡，浴室没洗发水，拿瓶沙宣来用，一洗才知道是润发乳[晕][晕][晕],Y,NEU,
814657,已回助,N,,
839566,果然春夏季节头发是非常容易枯黄和断裂的，要需要滋养一下呢。,N,,
788077,#随手拍#看到这包装觉得好像沙宣洗发露，所以买了瓶尝一下试试会不会吐泡泡[嘻嘻],Y,NEU,
194014,"我在京东JD.COM购买了海飞丝男士去屑洗发露强根护发型380ML,★★★★★：1111111111111111111111111111 http://t.cn/8kUVGpa",Y,NEU,AD
34709,小编~~不知道ep会不会再附送一瓶洗发水哦~~家里一大瓶清扬用一大半了~~[偷笑][偷笑] 说真的洗发水洗完后真的是清爽无头屑——#向世界炫出自己，让未来无懈可击#妥妥的！[爱你] @aska相遇 @宗纬爱蛋蛋028 @aska小朋友,Y,POS,
398106,来看看我拍的MV：“#潘婷最美回眸#最迷人是低头的温柔，最难忘是那轻颦回眸。为良人蓄起长发，@潘婷Pantene 见证相思的所有。快来点赞帮我成为最美回眸女神吧@YOKA时尚网”，点此播放>>http://t.cn/RzSAYFX（通过 #美拍# 录制）,N,,
73898,海飞丝，500毫升装，才3块。洗澡，早上好！,Y,NEU,
833707,权威性的东西，认可的潘婷，就像网友说的一样，管用! 智通人才连锁（佛山公司）逢周三、六举办大型招聘会，智通人才网（www.job5156.com）详询：0757-86115156,?,,
671110,#恒时传奇，至珍呵护# 我与超级名模克劳迪娅.希弗一起发现了秀发恒时美丽的奥秘，收集珍珠能量，赢取施华蔻全新essence ULTIME恒时珍粹定制礼盒及Mikimoto珍珠项链，详情点击http://t.cn/RveBuNv @-qIIg茵兒@巩蝶知e@郑尔风,Y,NEU,AD
84371,#当青春遇上节操#清新感人，青春节操典范，支持观点投票，赢海飞丝礼包和小米盒子！http://t.cn/RPqSE9D?_rnd=4699,Y,NEU,AD
216532,"我是""宁都刘氏集团一哥刘建新"", 我已经将名字改为""唐僧爱上海飞丝"",请继续关注我哦~",N,,
789908,#宝喵考考你#1.宝洁 潘婷洗发水+护发素+发膜 染烫损伤修护套装 ，2.宝洁店 沙宣修护水养洗发水/露+护发素 ，3.宝洁 吉列剃须刀锋速3 1刀架(1刀头)+4刀头 ，4. Crest佳洁士全优7效牙膏90g*4 ，5.开张4年了，6.爱喵没有期限、支持你到永远[心]@宝洁天猫旗舰店,Y,NEU,AD
740826,头发容易油的人就不要用沙宣了 为什么我总是记不住这个道理,Y,NEU,
753589,健康染发 金铜色 @_PHILOSOPHY_ @美界造型火车 @德基沙宣理念peter @异次元小冷,N,,
48814,C罗！！！！！！因为————咔——————清扬去屑！！！！,Y,NEU,SAR
761773,我想这么多年来都没用过沙宣洗头 是因为它的广告里的模特发型太酷炫 我不敢用啊,Y,AMBIGUOUS,
804522,全网最低海淘精选：Ama...,N,,
806608,回复 海飞丝的魅力 :我在家,N,,
871641,使用潘婷很多年了，一直都没有换过,Y,NEU,
294092,看广告欧莱雅也出了八朵花精油，算是欧莱雅的第一款面油吧？感觉是低端版的darphin 8 nectar[嘻嘻]最近洗澡前是洁面兰芝水加面油后再进去，明显皮肤舒适度提高了，蒸汽spa也让皮肤更舒服，不会倒拔干了，就是得不怕麻烦。对于上班族来说，护肤护发养身真的是得持之以恒不怕麻烦的事业[挖鼻屎],N,,
513857,飘柔 就是这么自信 哈哈[偷笑],Y,NEU,SAR
717342,#TG专美于你#转发本条微博@ 你的任意好友，就有机会得到：1.本人亲自操刀价值2280元施华蔻免费烫染护（3位）；2.TG造型价值200元会员卡（5位）：3.288元洗发水+护发素（5位）；4.只要你转发本条微博，到本店设计发型可抵现金50元。转发截止9月30日抽奖。,Y,NEU,AD
167463,好幸运！我刚刚在#丝源会#中抽到了丝源体验套装，滋养发肌本源，盛放秀发生命力！你是否也想体验到高端海飞丝头皮SPA呢，快来和我一起加入丝源会吧！ @海飞丝丝源复活 http://t.cn/8FGrjVD,Y,NEU,AD
644695,@吃货货_，你在“一张照片证明你是自然系女生”的照片我很喜欢！ #飘柔自然之美# “地址：http://t.cn/zTHGVdV,N,,
732293,[思考]设计师发型设计最得力助手就是沙宣,N,,
401904,#ShineStrong#顾家女孩、暴走旅行家、时尚辣妈、职场女王，亦或爱情圣斗士，外表柔美但内心强大的她们，始终执着追求属于自己的生活、事业和爱情。你是否也曾被这份执着打动过，快扫描二维码为身边的她们献个赞吧~晒出献赞心意卡并@潘婷Pantene，更有机会获得神秘好礼~,N,,
792628,#沙宣美发工具引领DIY潮流造型好礼相送#分享个好玩的活动给你们，都来看看吧。[礼物]  地址：http://t.cn/zTeZnmP,Y,NEU,AD
310099,#欧莱雅精油护发#好活动一定要珍惜，人生最珍贵的不是“得不到”和“已失去”而是现在能把握的幸福！平淡是真。[给力]  地址：http://t.cn/8kBYjQQ,Y,NEU,AD
477900,潘婷可以搞定的问题，就不是问题了[lt切克闹]。,?,,
