,Post,Predicted Sentiment NB,Predicted Sentiment SGD,Predicted Sentiment SGD_GS,Actual Sentiment
0,我在@惠惠网 发布了一条超值爆料，为为网 宝洁&联合利华专场   满100减50/满200减100，宝洁&联合利华专场促销活动，活动页面内商品满100减50、满200减100，参加活动的品牌有沙宣、海飞丝、潘婷、飘柔、清扬、多芬等。比如沙宣清盈顺柔洗发露750ml洗发400ml护...http://t.cn/8FYtvtn,neu,neu,pos,neu
1,#超值购# Rejoice 飘柔 人参滋养洗发露750ML 29元 http://t.cn/RPAMilX 来自@留住你官网,neu,neu,pos,neu
2,#施华蔻617大促#想要的奖品想要的转发.. 地址：http://t.cn/zHEukvk,neu,neu,neu,neu
3,清扬是一直都在用的品牌，因为对我来说去屑效果不错。,pos,pos,pos,pos
4,这就是[玫瑰]传说中的神器欧莱雅润发精油啊。,pos,pos,pos,pos
5,都说精致的女生除了甜美的妆容服饰外，柔顺飘逸的长发往往最让人“动心”，所以日常Yukiki在头发保养上会选择潘婷染烫修护系列，其拥有全球首创角蛋白损伤隔离因子，能够帮助隔离外界对头发损伤，同时PRO-V维他命原能够深入浸透修护，滋养直至发芯，对发黄、发脆，没有光泽的头发Say NONO!@潘婷Pantene,pos,pos,pos,neu
6,用了欧莱雅奇焕润发精油真心舒服啊，总是忍不住想去摸摸我的头毛哈哈,pos,pos,pos,pos
7,女汉子一秒钟变萌妹纸的利器啊欧莱雅护发土豪金,pos,pos,pos,pos
8,其实我初恋情结一直都挺严重的，反映到现实生活中，就是我一直留着第一任BF给的毛绒玩具，第一回独自出门的车票，洗发水数十年如一日的买海飞丝，这么多年的动画漫画看下来听到不二周助的名字瞬开花痴MODE。所以一般到一个地方，认识第一个人，决定做朋友，然后对其他人也就没兴趣了。,neu,neu,pos,neu
9,春暖花开~春装满500减100！转发得施华蔻家庭洗护套装  地址：http://t.cn/8F1u8G6,neu,neu,neu,neu
10,潘婷不能用了，护发但是伤脑壳～@小娴xylina 我在这里:http://t.cn/8kRRAWR,pos,pos,neu,neg
11,当年就是就是看了这个广告被感动到连用了三年潘婷,pos,pos,pos,pos
12,#假期打卡Go不停#想带护舒宝和潘婷~,neu,neu,pos,neu
13,施华蔻的新品是紫色的那个吗？,neu,neu,pos,neu
14,好东西怎能独享，给小伙伴们推荐一个上海免费活动：【品牌试用荟】潘婷-臻致修复洗护100元正价套装  吃喝玩乐，通通0元，简直了！ http://t.cn/Rz7YMLz,neu,neu,neu,neu
15,欧莱雅精油护发期待人品大爆发，大奖小奖统统搬回我的家！ 地址：http://t.cn/8kBYjQQ,neu,neu,neu,neu
16,现货 润膏划算吗？第一，润膏一瓶250ml，但是它是浓缩的，就至少相当500ml；第二，润膏是洗护二合一的，相当于你同时拥有了一瓶护发素。你买一瓶润膏的钱，和你买一瓶潘婷或者海飞丝的洗发水加一瓶护发素哪个合算？关键是，润膏真正的无硅油不残害头发和头皮健康，经济实惠 ，快来下单吧[爱你][爱你],neu,neu,pos,neu
17,#亚马逊中国秒杀#【预告！开始于 上午 9:00 :   LYNX 凌仕男士醒体沐浴露唤醒400ml+清扬男士去屑洗发露活炭净爽160ml(限量特惠)   ! 秒杀页面地址: http://t.cn/zHoDvJ0 。商品链接：http://t.cn/RzjC9ej,neu,neu,neu,neu
18,#晒晒你的奇葩毕业照#一年一度毕业狂潮来袭，一边发疯般找工作，一边伤感分手情怀，飘柔微信此次活动汇集文艺奇葩、普通奇葩、2B奇葩过足了瘾。谁让飘柔，总是这么自信！！直接搜索关注飘柔微信：飘柔Rejoice,neu,neu,pos,neu
19,VS沙宣净化打底男士洗发露+护发素+劲强挺立发泥免费试用惊喜就在身边，期待！祝福你 地址：http://t.cn/RvOhKDG,neu,neu,neu,neu
20,#我的欧莱雅秀发非凡时刻# 这位懒美人总共用了6次欧莱雅奇焕润发精油，分别是洗漱化妆穿戴整齐，公司早例会，工作中接见重要客户，补妆，和朋友聚会吃饭，洗澡并吹干头发 @丁丁杜 @dwk_nj @丹尼616,pos,pos,pos,neu
21,洪城大厦百货服饰新年献礼 8倍积分送好礼 满218元送抽纸1提 满518元送欧莱雅200ml洗发水1瓶 满818元送美体内衣一套 满2688元送多喜爱冬被1床 百丽系列6折起并折上9折，享8倍积分相当于4.8折 拉夏3.8折享8倍积分，相当于3.6折,neu,neu,pos,neu
22,我用了六七年潘婷没换过//@JL一直那么懒:怪不得最近老掉发，同一种洗发水都用了两个多月了。。。//@歪歪我不歪: 是的呀。一般超市卖的都有这种东西。。//@dana_shan:= =|||,neu,neu,pos,neu
23,"我的头发“伤芯透”的问题是毛糙,不够顺滑,希望“14天体验潘婷不一样”能让我摆脱我头发的困扰.潘婷护发科技研究院发现，相比于健康秀发，受损秀发流失水分的速度更快、量更多。受损秀发流失水分的速度是健康秀发的1.8倍，流失水分的量也1.5倍于健康头发。",pos,pos,pos,neu
24,难怪有这么顺滑的头发，原来有施华蔻啊[给力],pos,pos,pos,pos
25,#没得比个护化妆#中粮集团我买网[华东分站]：【华东】清扬洗发露冰爽薄荷型（瓶装750ml）*1+海洋之谜洗浴套装*1+妮飘绿茶之香盒装面纸*1 促销价格￥49.90 http://t.cn/zQ0WQ3w,neu,neu,neu,neu
26,"#晒单有礼# @乐蜂网 我买了沙宣修护水养润发乳200ml（新老包装随机发货）,没话说的好 http://t.cn/zQYeOlX",pos,pos,neu,pos
27,欧莱雅的代言人可是李冰冰呢！发质真心靓！,neu,neu,pos,neu
28,施华蔻就是德国的牌子呀～嘤嘤嘤还以为又是那个白罐发膜！讨厌死那些软文了！ 酸菜我是翠花儿 软文是什么？,neu,neu,pos,neu
29,刚接到美妆优选客服的电话 说施华蔻的发膜没货了 给换成施华蔻洗发水套组 50ml×50,neu,neu,pos,neu
30,清扬洗发水，绝对很给力，我一直的都是大爱[可爱],pos,pos,pos,pos
31,沙宣旅行套装+必胜客+年奶商城+爱抢购...,neu,neu,pos,neu
32,给妈妈买了一套施华蔻的四件套寄回家，她坚持不要，我说早都买好了，她说：”那我给你交话费吧，这个月再给你多打点钱，你要吃好，喝好，我不用你花钱。”突然好难过，自己花的都是她给的，她却舍不得我买东西给她。,neu,neu,pos,neu
33,沙宣修护水养洗发水750ml*2件+沙宣修护水养发素750ml套装，含轻盈焕发配方和液态修护配方，实现发型顶部轻盈，发丝可塑，同时能够修补发丝表面受损，防止头发分叉，毛燥，各种发质均适用。京东商城目前大套装售价￥103包邮，包含有750ml洗发水2件和护发素1件，这样的搭配差不多可以同步用完，平均34元/瓶，近期好价，无需凑单，需要的同学可以拿下。 VS 沙宣 修护水养洗护套装 洗发水750ml*2+护发素750ml ￥103包邮，首发于得利网，购买链接。 您可能也感兴趣 新低：VS 沙宣 修护,neu,neu,pos,neu
34,#逆龄时空，秀发微整形#除暴安良是我们做市民的责任，行善积德是我本身的兴趣，所以扶老太太过马路我每个星期都做一次，遇到免费试用活动“施华蔻新品试用，逆龄时空，秀发微整形！”我也必须参与~ http://t.cn/RPjs4wF,neu,neu,neu,neu
35,#施华蔻正献礼 以正品之名#一定要HOLD住！一起来抢啊!@厨房做卫生偷懒,neu,neu,pos,neu
36,美女人超级好！第一次买就买了全家福[呲牙]反馈也给的好详细 飘柔和理发店买回来的洗发水用完都打结 只有用女侠依然柔顺！平常练舞扎头发 放下来头发会翘 用完女侠再也不翘～ 你还不来[微笑] 添加 haohuo4u,pos,pos,pos,neg
37,我试用了海飞丝去屑洗发露90ML（天天活动专供），我觉得：海飞丝去屑洗发露，不大不小的一瓶，刚好适合旅行使用，不错哦，赞一个月。。。 （分享自 @喜试网） http://t.cn/Rv2OMgL,pos,pos,pos,pos
38,#欧莱雅奇焕润发精油#多多关注！！！支持！！[礼物]  地址：http://t.cn/zROCjIS,pos,pos,pos,neu
39,【巴黎欧莱雅沙龙专属】丝泉滋养发膜护理组合 丝泉发膜+精华液 长发MM必备！欧莱雅正品货源！数量不多只有10套！250一套，市场价600rmb！秒杀全网最低价！而且还是正品！！对干枯 没有弹性 脆弱 失去水分的头发效果更好！发膜与精华10：1混合使用 均匀涂抹在洗净后的头发上 不要使用护发素 直接用！,neu,pos,pos,neu
40,飘柔就是好！@野战被蛇咬 @淳爷带你装逼带你飞 http://t.cn/zRbT6rZ,pos,pos,neu,pos
41,#欧莱雅奇焕润发精油#用一颗平常心来对待每一个活动，以一份真诚来打动小编的内心。或许我不是最幸运的那个粉丝，但我一定是最用心的哦！在此祝福小编工作顺利，我会一直支持你们的活动的~！  地址：http://t.cn/zROCjIS,neu,pos,pos,neu
42,该死的沙宣 坑我坑的不浅啊 还说什么发质轻盈发丝可塑 我洗了这么多次 还不是贴到跟个狗样 别逼我喷发胶[抓狂][抓狂],neu,neg,pos,neg
43,这个双十一我一定要多买一些施华蔻留着用啊,neu,neu,pos,neu
44,欧莱雅菁华(致臻）修护洗发水（250ml）： 本洗发露质感晶莹透明，能温和地清洗头发。含天然脂质成分和Omega 6，秀发头发的内部组织，增加头发密度及自然发量，看起来焕然一新，更加年轻亮丽，萃取香柏木、杏仁、桃子、柑橘等多重浓郁的植物天然香酚，在彻底洗净头发的同时，更能享受到大自然的舒适氛围,pos,pos,pos,neu
45,#大龄儿童，“型”动在沙宣#支持沙宣，支持期待好运@战马与刀锋,pos,pos,pos,pos
46,#分享我的秀发困扰 # 三年了，我的长发染烫后严重受损，先是干枯毛躁，渐渐失去光泽，继而断发、掉发，分叉还较严重而且每根发丝那叫一个细！每天都在烦恼中挣扎，一天天的为了这几根黄毛在饮食上，生活上，洗护上，那叫一个呵护有加！ 结果都是竹篮打水一场空！现在我的发质是干黄、稀疏，发质是多么糟！希望臻致修护系列能让我的头发不再干枯毛糙，让头发变得更加光泽，阻止发质的恶性发展。,pos,pos,pos,neu
47,#型格秀发造型攻略Get#才买的沙宣新品炫线抚躁洗发露+护发精华，当然发膜没买诶，@逗兜儿715 @奇p刺客,neu,neu,neu,neu
48,#秒爆品#只限今天 火爆活动#1元秒杀#效果非常好 欧莱雅致臻修护发膜500mlh油膏 菁华深层修复倒膜  http://t.cn/zQhUZba,neu,neu,neu,neu
49,我刚刚发现了#新浪试用中心#正在免费试用【施华蔻/Schwarzkopf 金致润养修护系列】，真的完全免费，还包快递哦！简直太棒了，提交申请宣言就有机会，你也赶快申请一份吧！   （分享自 @新浪时尚）http://t.cn/8FqHb09,neu,neu,neu,neu
50,#撒娇求免单##唯品会撒娇节#在茫茫几百个品牌中，一眼就看到我最稀饭的施华蔻Schwarzkopf日化线洗护专场，人家已经收藏好了就等开抢啦！唯品会拜托拜托啦，一定要给我免单哦~么么哒~ http://t.cn/RPKGX6z,neu,neu,neu,neu
51,LZ家乐福的潘婷也参加这个活动吗？,neu,neu,pos,neu
52,香港代购美赞臣奶粉、惠氏奶粉、雅培奶粉、美素奶粉，成人奶粉，宝宝用品，施巴，强生，多芬，贝亲，兰蔻、雅诗兰黛、香港欧莱雅护肤品、玉兰油、洗面奶，男士洗面奶，面霜，眼霜，防晒霜，BB霜，乳液，面膜，爽肤水，润肤露，牙膏，香港洗发水、香港沐浴露，沙宣，多芬，飘柔，海飞丝，花王，潘婷，进口食品等希望大家光临http://wu2008.taobao.com 美女们支持一下吧，帮忙收藏一下吧，谢谢啦！！！,neu,neu,pos,neu
53,一次谁在闺蜜家试用了一下欧莱雅奇焕润发精油，从此深深不可自拔了,pos,pos,pos,pos
54,回复@棒棒要勇敢:其实拉直是会破坏头发结构，使头发表面毛鳞层变得多孔性，容易造成营养流失。因为受各种化学物质伤害，发质本身的水平被打破，头发容易变得粗糙开叉毛糙，造成营养流失。所以拉直并不能从根本上解决头发毛躁问题。建议选用具有修复功能的洗护产品，定期做发膜，如施华蔻保丽修复系列，,neu,pos,pos,neu
55,这个欧莱雅润发精油真心的给力，真是太好，绝对要支持。//@时尚创意潮: #双十一#还是法国人聪明，要脱光先护发，欧莱雅奇焕润发精油早入早“脱光”,pos,pos,pos,pos
56,回复 深深深似海1994 :这个慢慢改善，沙宣的护发素可以一试,neu,neu,pos,neu
57,很好听的音乐   很感人的视频。 最后 说一句 潘婷 你赢了,neu,neu,neu,neu
58,@巴黎欧莱雅 #奇焕润发精油#我发梢处的头发干枯分叉，用了好多种也不管用@口无遮拦丶肥切以伺神 @cxj189 @惠津子2011,pos,pos,neu,neg
59,#欧莱雅精油护发#瞧一瞧看一看，快来与淡定点手牵手，一起把好运全抢走！  地址：http://t.cn/8kBYjQQ,neu,neu,neu,neu
60,太好用了！！洗好头用欧莱雅的精油，第二天头发精神焕发了！,pos,pos,pos,pos
61,忒神奇了，姐妹们造型必备啊！！！欧莱雅奇焕润发精油，抹上头发完全不油，顺滑柔亮~好评推荐~//@美丽说蘑菇街淘宝精选推荐: 最近正在用#欧莱雅奇焕润发精油#，良心推荐哦！头发变得顺顺滑滑，光泽度增加再加上清心的香气，绝对是沙龙级的护发效果~~,pos,pos,pos,pos
62,邓肯要给海飞丝代言吗，好像他没什么头发^_^,neu,neu,pos,neu
63,#我的欧莱雅秀发非凡时刻# + 我最糟糕的发型发生在大学时候，那时头发烫完后变得很不好干枯分叉毛燥，后来一忍心把坏的了头发都剪掉，如果当初就有欧莱雅润发精油，头发是不是还能存活下去。,pos,pos,pos,neu
64,成都这种潮湿闷闷的夏天真让人难过，稍稍一热，皮肤就是粘糊粘糊的，如果头发还厚厚地贴在头皮脖子上，那感觉简直如同灾难来临般让人抓狂，果断换上适合这个季节的 @潘婷Pantene 植物精萃 净润养护系列，它创新轻盈因子和摩洛哥坚果精油黄金比例配方，能让头皮发根持久清爽，发稍却非常润泽。@瑞丽网,pos,pos,pos,pos
65,1.sleek眼影 9新用过不到10次 35出 2.chanelN.19分装5ML/40 10ML/70 3.chanel黄邂分装5ML/40 10ML/70 4.施华蔻精华，用过2次 20 5.肌研极润水，余量差不多8成，50 7.欧莱雅小黑瓶，余量8成 75 8.PJ南瓜粉1号色 分装10g/90 9.RMK唇膏 30 10.恋爱魔镜睫毛膏 50 11.shu散粉分装 5G/50 12.施华蔻羊脂绒4件套（400+400+150+150）全新140 13.卡尼尔清澈美白水漾精华凝露 全新30,neu,neu,neu,neu
66,泰国潘婷广告卡农版・（超感人）  http://t.cn/RvERcni,neu,neu,neu,neu
67,用飘柔[思考],pos,pos,pos,neu
68,我正在看【自从用了飘柔】(分享自 @百度图片) http://t.cn/zHjx4ZL 贞姐真该用飘柔了~！,neu,pos,neu,neu
69,爸爸居然也在用！欧莱雅护发土豪金//@史上热门榜: 感恩节将至，送#欧莱雅护发土豪金#给最爱的她，让她拥有柔顺秀发，享受明星级的护发待遇！,pos,pos,pos,neu
70,正品欧莱雅头皮舒缓洗发水500ml 头皮刺痛紧绷红斑洗发 护发精油销量火爆，好评如潮，亲们强烈推荐的单品哦。http://t.cn/z8aQkHH,neu,neu,neu,neu
71,#二丫点评#亲们，我正在@二丫网美妆分享社区 点评@Clear清扬/通用系列韧发防落去屑洗发露哦，想要分享给大家！效果很好，多用几次头皮屑就没有了，好像还有润发的效果，味道香香的，女儿都叫我香妈妈。介绍给朋友用，都说效果…http://t.cn/RvZgTwM 更多真实点评→http://t.cn/zWxbZl5,pos,pos,neu,neu
72,【潘婷植物精萃净润系列新品体验会|潘婷| 精油_凤凰时尚】导语：专业为女性打造健康闪耀秀发的知名护发品牌潘婷，携手&ldquo;五感心理学美容专家&rdquo;小乔老师、精油专家方俊平老师，邀约国内4... http://t.cn/8sxusQH,neu,neu,neu,neu
73,飘柔可插入广告 妹子好飘亮~,neu,neu,pos,neu
74,SK的神仙水 潘婷洗发水,neu,neu,pos,neu
75,周末打算去游泳的MM注意哦，池水中的氯气会令染后发色变得黯淡，游泳后也要尽快清洁秀发。使用巴黎欧莱雅沙龙专属盈亮修护系列，含有闪亮因子，能够提亮暗淡头发，使发色更均匀通透，充满剔透光泽，无惧池水损伤烦恼。,pos,pos,pos,neu
76,【亚马逊中国：PANTENE潘婷臻致修o纯净莹亮修护套装 83（￥113-30）】宝洁公司旗下品牌丰富，潘婷也是其旗下一支品牌，产品定位于烫染修复系列产品，针对化学损伤的发质，修护秀发积年损伤，令秀发重获健康。     今天这款套装包括：洗发露738ml、润发精华素683ml、时… http://t.cn/8sBX7WY,neu,neu,pos,neu
77,德国卫生巾，HIPP 水果条，水果茶，水果麦片，爱他美1段奶粉，贝娜婷爽身粉，施华蔻洗发水到货,neu,neu,pos,neu
78,欧莱雅精油护发努力不一定有收获，但不努力就一定没有收获啦.. 地址：http://t.cn/8kBYjQQ,neu,neu,neu,neu
79,#12.12施华蔻4折起#好活动，有奖转发祝此微博越办越好，希望大家多来观注 地址：http://t.cn/8kM1XQK,neu,neu,neu,neu
80,飘柔芦荟系列确实不错，我家就在用,pos,pos,pos,pos
81,我一直都很喜欢潘婷，不好么？求带好的洗发水,pos,pos,pos,pos
82,#得利网优惠推荐# 西北仓：沙宣 清盈顺柔洗发露 750ml ￥43（满200-100，可低至￥21.5）http://t.cn/RvBvlCm,neu,neu,pos,neu
83,中了潘婷丝质顺滑水漾凝乳,neu,neu,pos,neu
84,哇，这个欧莱雅护发土豪金终于和我们见面了啊！[给力],pos,pos,pos,neu
85,回复隐隐sir:我用海飞丝,neu,neu,pos,neu
86,#宝洁官方#海飞丝洗发水，去屑只选它~~~>>>http://t.cn/zQrzmGo[ok],pos,pos,neu,pos
87,我刚刚在#丝源会#中做了一个只属于自己的丝源之花，还获得了100积分，你想拥有属于自己的丝源之花么？快来加入丝源会吧。@海飞丝丝源复活 http://t.cn/8FV4508,neu,neu,neu,neu
88,大学洗发水只用飘柔了  我要你的味道天天缠着我[太开心]好幸福 http://t.cn/RPnMM2o,pos,pos,pos,pos
89,小编~~不知道ep会不会再附送一瓶洗发水哦~~家里一大瓶清扬用一大半了~~[偷笑][偷笑] 说真的洗发水洗完后真的是清爽无头屑――#向世界炫出自己，让未来无懈可击#妥妥的！[爱你] @aska的名单 @Aska锁儿 @宗纬爱蛋蛋009,pos,pos,neu,pos
90,扫二维码加微信，潘婷套装及300份代金券等你拿！令人难以抵挡的诱惑转了~!~! 地址：http://t.cn/8kPxAy7,neu,neu,neu,neu
91,我居然看哭了，，，小胖墩变艺术体操女神 看美女如何化茧成蝶................................一听到卡农，我就知道又系潘婷广告，保洁公司最新广告？？？？不过真系有少少感动，可能系首音乐另人感动吧 http://t.cn/8s8TWim,neu,neu,neu,neu
92,中国女星范冰冰以巴黎欧莱雅中国区唯一代言人的身份，于法国当地时间5月16日晚踏上了第65届戛纳电影节的开幕红毯。继“龙袍”、“鹤裙”之后，范爷第三次穿上了富有中国特色的“瓷裙”，配以古典的发型和妆容，再一次走出了中国女明星独有的味道。范冰冰回应花瓶质疑：瓶不重要 瓶中物最重要！,neu,neu,pos,neu
93,欧莱雅护发土豪金原来这么厉害。,pos,pos,pos,pos
94,发表了博文《解决头发干枯问题的妙方》冷空气一来，天气就干燥，搞得不仅皮肤都干干的，连头发也出现干枯开叉的状况。无奈之下，我只好上网查查有没有什么妙方来解决头发干枯毛躁的问题。没想到我竟然搜到了潘婷官网http://t.cn/RzokKjN,neu,pos,pos,neu
95,海飞丝是宝洁旗下的产品，功能就是去屑。 像宝洁旗下的其他产品，飘柔代表柔顺，潘婷代表营养，沙宣代表专业美发等。 海飞丝其实都差不多，每款的配方差别不是很大。,neu,pos,pos,neu
96,【舒淇携手知名造型师吴依霖拍摄海飞丝丝源复活广告片】日前，舒淇为即将上市的全新海飞丝丝源复活头皮养护秀发丰盈露拍摄新一辑广告片。这支头皮“生命之水”是海飞丝丝源复活推出的第一支免洗单品，品牌力邀台湾知... http://t.cn/8F0B9jy,neu,neu,neu,neu
97,洗发水！箭牌各系列，施华蔻，阿瓦隆丰盈健发 http://t.cn/R7WxTig,neu,neu,neu,neu
98,#欧莱雅一滴改变等你见证# + @v寻琴 @笔月风水师 @若道占星 + 我希望欧莱雅奇焕润发精油可以帮我解决____干枯、毛躁和分叉_______三大秀发烦恼,pos,pos,pos,neu
99,巴黎欧莱雅奇焕润发精油大赠送！祝越来越好。。.. 地址：http://t.cn/zRVth3L,neu,pos,neu,neu
100,我为飘柔代言[亲亲][坏笑][擦汗][憨笑][发呆][闭嘴] http://t.cn/8FPRhUF,neu,neu,pos,neu
101,回复 天秤座lsq :我去 我最近快掉成光头了，也用的是沙宣,neu,neu,pos,neg
102,"烫发后真是伤头发,用过欧莱雅奇焕润发精油后发觉发质好多了,既柔顺又有光泽,惊奇的发现头发好像真得被修复好了//@全球时尚丽人: 《吸血鬼日记》Damon教你：弟媳妇儿变媳妇儿只需一步！#欧莱雅奇焕润发精油#，你值得拥有！",pos,pos,pos,pos
103,"【L’OREAL/欧莱雅 琉彩之韵精华露 免洗小金瓶 护发精油 卷直发 精华素】,    价格 ￥105 1号店，品质保证，网上优选  @1号店 http://t.cn/8sVadkm",neu,neu,neu,neu
104,[心][鼓掌]现货 德国施华蔻schauma(黑人头)男士控油去油去屑洗发水 [心]新包装[得意地笑]http://t.cn/RvDm6K6,neu,neu,pos,neu
105,我的护发宣言：柔顺每一天，尽在欧莱雅！@edinlas @浑峦建颠 @honnjin,pos,pos,pos,pos
106,头发特别干枯毛躁，容易分叉~[许愿]@巴黎欧莱雅,pos,pos,neu,neu
107,海飞丝的洗发产品不适合我，用完以后头屑反而增多呢 @就爱点评网 @海飞丝实力达人秀 @宝洁中国 http://t.cn/RhkoWqp,pos,pos,neu,neg
108,好漂亮好柔顺，你们是用了飘柔么？,pos,pos,pos,neu
109,#手机优酷微分享#先分享，以后看！ Angelababy 杨颖Live 唱跳她沙宣那首广告歌曲〈Beauty Survivor〉  http://t.cn/zOjTAyz,neu,neu,neu,neu
110,宝贝们#圣诞节#快乐！今天#VBL#下单一套送屈臣氏骨胶原护手霜，屈臣氏的明星产品。两套送欧莱雅护发精油，是自己一直在用的一款，补水、修复、抚平毛躁，效果杠杠的。以前买过的再买一套也送精油省的你们心里不平衡[爱你]只限今天，过了今天不准撒娇任性…… http://t.cn/z8AVFRo,pos,pos,neu,neu
111,我在@聚美优品 Free派成功提交免费试用申请喔~原价52元的施华蔻斐丝丽樱花护色洗发露，免费试用，仅限30份，专为染后秀发而生！只在聚美优品Free派，详情点击…… http://t.cn/RvhicM1,neu,neu,pos,neu
112,I预售J施华蔻 Q10青春凝时系列-新青春凝时润发霜1000ML    促销价：420.00元。     http://t.cn/8FDszGq,neu,neu,neu,neu
113,#我最喜欢的省心价商品#最喜欢08号潘婷洗发露,pos,pos,pos,pos
114,哈哈全宿舍都在用这款洗发水，刚刚特地用了下，真的让我瞬间爱上它了，神马多芬，潘婷都是浮云了。超级柔顺，不好用欢迎退款??????????,pos,pos,pos,neg
115,#1号店0元试用# http://t.cn/8Fd6fV0 我在1号店试用中心申请了海飞丝 丝源复活 男士爽健强根洗发露 53...商品的试用。伙伴们，你们帮我转发越多，我获得该商品的成功率越高。@手机用户253569260....,neu,neu,neu,neu
116,#欧莱雅慧眼识星品# 左边是巴黎欧莱雅奇焕润发精油；右边是巴黎欧莱雅多重防护隔离露。@柠檬小R @琥珀花蕾 @kyogo,neu,pos,pos,neu
117,试用心得分享： 我试用了【*飘柔滋润去屑洗发露 80ml 1015 试友归来】，我觉得：【(null)】你们也来看看呗~ APP下载地址：http://t.cn/8smyOtD,pos,pos,pos,neu
118,"今天我在#斐丝丽花园咖啡店#，遇见了传说中的温柔清雅兰花Blythe,她为我精心调配了一款斐丝丽兰花顺柔洗护产品，让我可以拥有和她一样的丝滑柔顺发质，和迷人的兰花清香，你也来试试吧http://t.cn/8sQNvli @施华蔻官方微博",pos,pos,pos,pos
119,#探索潘婷护发实验室# 刚刚玩了@潘婷Pantene 的小测试~\\(RQ)/~啦啦啦！ 我的“秀发健康指数”是 90，相当完美的发质哦！我会继续保持健康、正确的生活和洗护习惯，让每一根秀发都绽放健康光彩！你的头发能得多少分？快来跟我PK吧！ http://t.cn/zRTZ6FU,neu,pos,neu,neu
120,第一次收到体验套装，而且是非常适合我的烫染受损头发的套装，感谢@潘婷Pantene 好嗨森~~  收到一周了，用了几次，感觉不错，头发比以前容易梳理了，去理发店洗头，小妹也不再教育我“短卷发也...文字版>> http://t.cn/8sTRS7e （新浪长微博>> http://t.cn/zOXAaic）,neu,pos,neu,neu
121,原来是这个样子的，比较的喜欢清扬洗发水，用着挺好[花心],pos,pos,pos,pos
122,#小时代观后感#30元=柯震东+凤小岳+郭采洁+hold住姐+若干次飘柔广告+片尾彩蛋[挖鼻屎]其他的我什么都不记得了,neu,neu,pos,neu
123,#飘柔.柔美生活#夏日病就是在初夏时节，由于就业压力、生活压力集中而产生的厌倦易疲情绪问题。具体表现为整日慵懒倦怠，仿佛对任何事情都提不起兴趣，更会抵触上学上班、抗拒接触社会。如果你也发现有以上轻微的症状，可以通过户外活动和与友人谈心来纾解~明媚的阳光别被压力打垮哦！小飘为大家加油！,neu,neu,pos,neu
124,欧莱雅卡诗系列洗发水！这款是：【染烫修护洗发乳霜】适用发质：中干性发质！??产品特点：进口原料！[玫瑰]专??配方，温和洁净头发！????丝质精华给头发受损部位深度修复！??由内至外，深层滋养秀发，修复发质！??令干枯受损发丝顺滑亮泽，呈现丝缎般柔滑触感！??????,pos,pos,pos,neu
125,自己“伤芯透”的秀发困扰是：干枯、暗哑、发梢分叉。我对“14天体验潘婷不一样”的潘婷挑战看法是：我相信体验潘婷14天以后，秀发能内在强韧、外在柔亮！,pos,pos,pos,neu
126,施华蔻 斐丝丽兰花顺柔680ml洗450ml润套装@快乐的feiyafei @臭丫头的老刘 @过客敢爱敢恨,neu,neu,neu,neu
127,"【亚马逊中国 Z秒杀：CLEAR清扬去屑洗发套装(多效水润洗发露750ml+深度滋养洗发露750ml)】, 秒杀价格： ￥75.80 (5.00折), 现已订购 9% http://t.cn/8kULnBA",neu,neu,neu,neu
128,欧莱雅的洗发水和小黑裙的沐浴露 哈哈,neu,neu,pos,neu
129,洗发水都是正品保证是大型超市团购来的 不要和某宝上的小店的价格相比舒蕾草本优萃系列400ml 水漾致润和致臻修复各2瓶 一起去140米包邮 →135米包邮登录/注册后可看大图登录/注册后可看大图登录/注册后可看大图清扬男士去屑洗发露40ML 2瓶一起去70米包邮 →65米包邮登录/注册后可看大图登录/注册后可看大图海飞丝去屑洗发露 海洋活力型 2瓶一起去70米包邮 →65米包邮登录/注册后可看大图登录/注册后可看大图海飞丝,neu,neu,pos,neu
130,【视频：汤唯潘婷广告2013中国版30秒】 （分享自 @优酷网）附上广告 http://t.cn/zQfP1Kb,neu,neu,neu,neu
131,跟爸妈一起看#别逼我结婚#，没看过，一上来那人说：我是清扬啊。然后就搭了句，我是海飞丝啊。一发不可收，我是飘柔啊，我是潘婷啊。。。。沉浸在自己奇怪的笑点中??????,neu,neu,pos,neu
132,#欧莱雅奇焕润发精油#做你的感恩节护发使者@我爱喝酸奶YE,neu,pos,pos,neu
133,据说施华蔻家的染发膏和洗护、润发都超好用，最近老用卷发棒卷发是该好好护理下了,neu,neu,pos,neu
134,200ml海飞丝去屑洗发露(莹采乌黑)http://t.cn/RP8ICq7（分享自 @微店 http://t.cn/8kD2fJZ）,neu,neu,neu,neu
135,这是在给施华蔻代言的节奏吗？感觉即将出现好多马云同款 //@中国经营报:这话说的[哈哈]//@夜风刃: 我去，亲自来的？,neu,neu,pos,neu
136,#非凡心愿从“头”期许#用巴黎欧莱雅，是你最佳的选择，愿我的秀发，不再暗黄了,pos,pos,pos,pos
137,#没得比个护化妆#京东[华东地区、西南地区、华中地区]：飘柔 家庭兰花爽去屑400ml+兰花润洗200ml 活动价格￥14.90 http://t.cn/zT2RjVx,neu,neu,pos,neu
138,我刚在亚马逊Z.cn购买了 'Schwarzkopf施华蔻羊绒脂滋养洗发露400ml' 品牌: Schwarzkopf 施华蔻。 http://t.cn/z8FGRW9,neu,neu,neu,neu
139,海飞丝男士去屑洗发露多效水润动能型秒杀:#海飞丝去屑实力派#男性头皮皮脂的分泌比女性旺盛，更易出油，选择海飞丝男士系列，无惧出油尴尬，远离头屑问题！5月9日至5月15日登陆屈臣氏会员网站即可参加会员尊享秒杀，获30元购原价48.5元海飞丝男士去屑洗发露的名额，全国限量300份 http://t.cn/aO3Jp4,neu,neu,neu,neu
140,#飘柔・自然之美#和我们的皮肤一样，秀发的发髓也是由胶原蛋白组成。飘柔滋润去屑系列针对发芯受损，为秀发及时补充胶原蛋白，同时滋养头皮修复毛鳞片，给秀发从里到外的全面修复。初秋了，你有认真补充胶原蛋白吗？,neu,neu,pos,neu
141,#告别平庸 美发心机#我最受用的美发心机是赴约美发心机，一瓶施华蔻奢极黑金日臻瞬柔精华露随时随地搞定！继续积极支持@施华蔻官方微博 带来的给力活动，嗲，期待RP爆发！！@我本玉树临风 @光耀_九州,pos,pos,pos,pos
142,【鼓吹买房送学位 深圳一开发商被罚20万】7月26日，深圳净水公司“强征”楼盘自来水管道安装工程，涉嫌垄断被罚300多万；仿冒名牌“欧莱雅”洗发水，广州一家日化公司被罚款2万元；鼓吹买楼送重点学位结果却是虚假宣传，开发商被罚20万元。,neu,neu,neu,neu
143,#沙宣x花瓣网国际时装周报道# 发型与时尚总是暧昧不明，时装周期间，沙宣鼎力支持后台工作，为超模打造最时尚的发型，顶级时尚盛宴呈现眼前。@花瓣网 联合@沙宣VidalSassoon 为您呈现最精彩的2014秋冬国际时装周，分享精彩还能赢取时尚好礼。 http://t.cn/8FdOwxA,neu,neu,neu,neu
144,一直都是很喜欢海飞丝的，使用很长时间了,pos,pos,pos,pos
145,【宝洁拟剥离100个品牌】 宝洁公司（Procter & Gamble）公布了一项剥离100个品牌的新方案。公司首席执行官雷富礼对分析师表示，公司将专注于70至80个品牌，这些品牌为公司贡献了约90%的销售额和95%的利润。将被剥离的包括：潘婷（Pantene）、玉兰油（Olay）、欧乐B（Oral-B）和Bounty纸巾等。,neu,neu,neu,neu
146,猛然发现最近微信上的活动好多好多，本着到处散散的原则，目前也有点收获，不过等着快递送到呢！ 先开个帖记录下，等到东西到了，逐一更新 1. 施华蔻微信 奖品：施华蔻旅行装 2.周大福微信 奖品： 中秋公仔（也有可能是零钱包）,neu,neu,pos,neu
147,#Miss Pan公开课#夏日爱游泳，凉爽的同时又能保持身材。但是游泳池里常需要加入杀菌消毒剂，而这些，都对头发有较强的损伤作用，因此坚持每次游泳后用清水洗发，使用潘婷乳液修护系列精华露，密集滋润修护损伤，为你提供整日的秀发保护。,pos,pos,pos,neu
148,今年8月生日员工生日福利，飘柔洗发水套装；今年11月运动会上班员工福利，威露士泡沫洗手液。。。。。。该说什么好呢？[汗],neu,neu,pos,neu
149,正品巴黎欧莱雅洗发水健发固发强韧焕发洗发露500ml 控油防脱发http://t.cn/zRboXJM,neu,neu,neu,neu
150,正品欧莱雅护发精油，两种颜色，黄色加强柔顺，红色加强修复，白菜价[飞吻]下面图是美眉们给的实物图哦[飞吻]本人自己也在用同款 http://t.cn/8kVyMtP,neu,pos,neu,neu
151,我对海飞丝是比较喜欢的,pos,pos,pos,pos
152,就是清扬我比较的喜欢，而且对于头发的保护也非常的全面,pos,pos,pos,pos
153,潘婷这广告打得蛮有意义。,neu,neu,pos,neu
154,"欧莱雅弹力素,只用过一次;欧莱雅发质精油,全新.价格商议,想买的童孩评论吧,我会私信你的.[围观][围观]",neu,neu,pos,neu
155,跟我妈去超市买沐浴露，到地方后我妈直接拿个海飞丝给我。。我说：妈，买的是沐浴露好不好。。我妈说：想你这样毛发旺盛的沐浴露都不行。。。[生病][生病],neu,neu,pos,neu
156,有奖转发！#节水妙招征集#赢施华蔻免洗润发乳、mini电水壶等大奖期待期待！！,neu,neu,neu,neu
157,喜欢沙宣，沙宣也从来没让我失望过,pos,pos,pos,pos
158,祁连山的来客 一品玫丽人坊 http://t.cn/zRLxgmR 一钻 飘柔750ml洗发露---山茶长效柔顺去屑 http://t.cn/zR0wdk3,neu,neu,neu,neu
159,疟了！我在京东JD.COM购买了飘柔家庭绿茶长效清爽去油洗发露750...：买到我喜欢的物品，价廉物美，又能在极短的时间收到，心情真真是极好的了~！！ 物流速度之快，超乎我的想象，大赞一个~！！#京东让红包飞#超赞的！ http://t.cn/8DFzXXN,pos,pos,pos,neu
160,给别人的飘柔 头发就是这么柔顺~,pos,pos,pos,pos
161,#闻香识女人#最喜欢沙宣的香味。@美吾发Maywufa @慕镁_6879 @小梦丬 @小谷KOTANI,pos,pos,pos,pos
162,#优酷让红包飞#小伙伴们都惊呆了吗？我参加了飘柔《秀出来，勇敢爱》活动，成为浪漫故事的主角！链接：http://t.cn/8FJq9vp http://t.cn/8FJq9vp,neu,neu,neu,neu
163,想买――评论 @惠惠网 【施华蔻 斐丝丽睡莲水养洗发露680ml】 这款施华蔻（Schwarzkopf） 斐丝丽睡莲水养洗发露680ml是施华蔻旗下产品，相信经常逛屈臣氏的朋友们对这个大头娃娃并不陌生。本款洗发水添加水解角蛋白和莲花提取物。融萃睡莲水润精粹和丰富滋养...http://t.cn/RvTRol0,neu,neu,neu,neu
164,欧莱雅护发土豪金速速采购一大波性价比高又好用的欧莱雅奇焕润发精油在感恩节前送给好友们//@全球热门搜录: 遥望当年遭哄抢的IPHONE土豪金，如今性价比更高的#欧莱雅护发土豪金#更受女性亲睐~感恩节的感恩礼送起！,pos,pos,pos,neu
165,在室友睡X的r候往他^上撒c立D奶茶 等他醒戆lF肯定去洗^ 便把他的清PQ成香油...... 之後在他洗完^擦^的毛巾上D上一坨中A牙膏！！！. 哈哈哈哈哈哈?? 我就不信有比我狠的@有家就有联合利华,neu,neu,pos,neu
166,5月的威尼斯，充满诗意的浪漫，令人忘掉忧伤流连忘返。活力海飞丝无惧地中海气候挑战，让秀发随水花起舞！#环球发现美#宝洁送你2000元梦想旅游基金，说走就走的旅行，现在就出发：http://t.cn/8sWfGmP 更多旅游护发攻略点这里 http://t.cn/8s0JMkG 我的宝贝叫石头,pos,pos,neu,neu
167,"沙宣献上春日好礼只有参加了 才能有机会获奖,美好的一天，从这里开始。 地址：http://t.cn/8sqDwXT",neu,neu,neu,neu
168,罗志祥 曾恺t【飘柔广告温馨恋曲】两年构成一部浪漫偶像剧！完整版~值得收藏哦~,neu,neu,pos,neu
169,回复第3楼(作者:@纽约的风花雪月 于 2011-04-11 10:47) 　　之前在国内用的是沙宣mark 　　这是试过了所有超市里的牌子后选择的一款，深层水润的好像是。配合她家的护…… 　　==========,neu,neu,pos,neu
170,#丝家沙龙#女生们每天起床后到出门前的这段时间非常宝贵，因为要在有限的时间里做好清洁+化妆+发型+服装等一些列工作，这时一款简单易学的通勤OL发型就变得非常实用，在飘柔倍瑞丝顺发喷雾的帮助下，即使你是手残星人也能学会哒~,neu,pos,pos,neu
171,洗发水护发素有人要么 潘婷时光修复大瓶的 一套 几乎全新,neu,neu,pos,neu
172,最近大降温，干燥得头发总像长了毛。还好闺蜜送了套施华蔻的全新高端线恒时珍粹旅行装，才用了两次，毛躁的感觉就消失了，回归小V标志性的乌黑亮丽顺滑范儿！忍不住分享给各位JM，no zuo no fashion，够作够闪耀！,pos,pos,pos,pos
173,海飞丝的高端产品，怪不得效果如此好呢,pos,pos,pos,pos
174,潘婷也出高端的护发精华液了，一看包装不由想到家里用的欧莱雅的护发小金瓶精华，为什么包装不能创新一点呢？比欧莱雅多20毫升，贵30多块钱，下次试试，自家产品还是要支持滴～,neu,neu,pos,neu
175,想要自信 就用清扬....,pos,pos,pos,pos
176,#欧莱雅精油护发#[笑哈哈]哈哈，终于等到这个活动喽。等了好长时间了，来吧，大奖  地址：http://t.cn/8kBYjQQ,neu,neu,neu,neu
177,#分享有礼#Ho Ho Ho 亚马逊12月变身圣诞老人送出大量礼品卡，成功分享到新浪微博就有机会赢1200元礼品卡，共20个名额。活动时间12.9-12.31。我刚在@亚马逊 找到了PANTENE 潘婷 乳液修复 洗发露750ml 促销装 品牌: Pa... http://t.cn/8kiZFPf,neu,neu,neu,neu
178,#探索潘婷护发实验室#时刻关注你们的活动 始终是你们的忠实粉丝 祝愿你们每天开心快乐!  地址：http://t.cn/zRo8JGk,pos,pos,neu,pos
179,"#九月宝贝自己有礼转发#   巴黎欧莱雅 沙龙专属“琉彩之韵""精华露125ml。从东方神秘的美容密宗中得到启发，”琉彩之韵“护理油可用于护理使用。轻盈质地为各类秀发提供滋养和保护。 @就是喜欢这样sunshine   @加油演唱会   @幸福拐角123",neu,neu,neu,neu
180,#丝密养护#入秋后，油性发质的MM总会抱怨的一个问题就是：头发没有变得干燥反而继续保持油腻的状态。飘柔倍瑞丝专研抗屑系列将传奇去屑因子加入Salon PLUS+专研沙龙护发科技中，有效去除油腻污垢，帮助实现丰盈感。http://t.cn/RhY0Yhr,pos,pos,neu,neu
181,#春季尝鲜找你妹# 10个 玉兰油新生塑颜金纯面霜。潘婷秀发丰盈润泽凝萃液。玉兰油水感透白净瑕面霜。海肌源水漾凝透眼霜。海肌源水漾凝透爽肤水。 Pro-X微晶亮肤洁面仪。潘婷烫染修护深层滋养发膜。海飞丝头皮养护秀发丰盈露。SK-IIl限量版护肤精华露。 海肌源莹亮BB霜,neu,neu,pos,neu
182,oh my god！[哼]我现在还在用着潘婷呢，好恶心的啊，都不敢用了。//@严TiTi:@1818黄金眼 //@严TiTi: 这是真的，没有在开玩笑，我亲眼看到的，我也在用潘婷[可怜]，都不敢用了@温州草根新闻,pos,pos,pos,neg
183,最满意的就是海飞丝的去屑效果了,pos,pos,pos,pos
184,用了欧莱雅护发土豪金再也不怕吹风机弄伤我的头发啦,pos,pos,pos,pos
185,#我的欧莱雅秀发非凡时刻#(来自 http://t.cn/8FNBCfK ),neu,neu,pos,neu
186,我想体验沙宣新品，因为我想让沙宣光感莹润洗护发系列解决我头发的干枯毛躁，易打结和断发烦恼，将我的染后秀发打造成炫亮光感、顺感丝滑、水感盈润的秀发。,neu,pos,pos,neu
187,“伤芯透”的秀发困扰：经常染烫折腾之后，发根变得脆弱易掉；发丝变得毛燥暗淡无光；发梢干枯分叉。每天就像头顶一堆稻草，让我很没自信！ 但愿“14天体验潘婷不一样”强韧发根，修护滋养修复，让我和秀发健康、光泽更柔顺，求好运哦！,pos,pos,pos,neu
188,#恒时传奇，至珍呵护# 我与超级名模克劳迪娅.希弗一起发现了秀发恒时美丽的奥秘，收集珍珠能量，赢取施华蔻全新essence ULTIME恒时珍粹定制礼盒及Mikimoto珍珠项链，详情点击http://t.cn/RveBuNv,neu,neu,pos,neu
189,#欧莱雅精油护发#好口碑好服务好态度。老百姓信赖，身边最美的关怀，最美的祝福送给你们。[给力]  地址：http://t.cn/8kBYjQQ,pos,pos,pos,pos
190,巴黎欧莱雅奇焕润发精油大赠送！心平如境是一种修养，顺其自然是一种超脱，希望这次活动会被幸运！.. 地址：http://t.cn/zRVth3L,neu,pos,neu,neu
191,去屑实力派，当然海飞丝。 演技实力派，当然彭于晏。#Eddie peng#yuyanpeng #彭于晏#海飞丝#实力派#man#love http://t.cn/8FLTW6N,pos,pos,pos,pos
192,潘婷洗发水也不要多用了QAQ宝洁旗下的洗发水用多了掉头发好厉害…换回云南白药试试[泪][泪],neu,neg,pos,neg
193,"爱上潘婷，爱它带给我的惊喜,给我内在气质,外在美,让我秀发变得柔顺丝滑，乌黑靓丽!",pos,pos,pos,pos
194,嘻嘻，最爱用沙宣轻n盈顺柔洗发露+空气感卷发蜡@太不公平暗色调 @冰晶babyz,pos,pos,neu,pos
195,用了潘婷的护发素。。我觉得我头发都要掉光了。。是我头发的问题么??????#我不是要黑潘婷#,pos,pos,pos,neg
196,#欧莱雅炫发大赛#快点来参加~在车站看到欧莱雅奇焕润发精油的代言人是李冰冰~秀发超级漂亮好羡慕！,pos,pos,pos,neu
197,#欧莱雅精油护发#童鞋们快来哦，迟了就没有！  地址：http://t.cn/8kBYjQQ,neu,neu,neu,neu
198,施华蔻 羊绒脂滋养发膜 150ml*2盒 66元（用码后61元 折合30.5元/盒 另有 水凝胶原修护发膜） 阅读促销详情：附链接 (直达购买链接点击：附链接 来自：@360值得买),neu,neu,neu,neu
199,坐在诊台对面的老中医对我说：“你这个病主要是因为清气下降、浊气上升。　　邪气逆乱导致的气血不足。五脏虚症，照我这个方子抓两服药吃了就好了。”　　方子上写着当归、人参、田七等名贵的中药材，　　于是我拿着方子去超市买了一瓶飘柔汉方本草洗发露...,neu,neu,pos,neu
200,#欧莱雅一滴改变等你见证# +@艾艾市场营销策划有限公司 @菲菲198901 @O泡泡Ooo00 我在欧莱雅平台里最喜欢的“小贴士是奇焕润发精油见证之整夜精油护发，因为这让我在晚上也能享受精油的呵护。,pos,pos,pos,pos
201,#欧莱雅我的护“发”使者#夏日游泳担心我的秀发困扰，希望奇焕润发精油能让我的头发变得柔顺光滑！@Running肖肖 @Honhong网易 @TTaurus,pos,pos,pos,neu
202,欧莱雅儿童洗发水迪斯尼公主款～265ml～现68,neu,neu,pos,neu
203,刘亦菲汤唯最新版潘婷广告,neu,neu,pos,neu
204,诱人的草莓味洗发香波，无泪、不打结、不开叉、超级柔顺！【L’Oreal欧莱雅儿童专用超温和2合1洗发香波（草莓香型）】$2.99，欧莱雅儿童系列是如此温和，无泪配方经过眼科医生验证！在玩耍运动完后清除残留在头发里的灰尘和污垢。身柔软，方便抓握，是一款有趣的香波http://t.cn/8ksHcps,pos,pos,neu,neu
205,时常会想起潘婷广告里那个拉小提琴的姑娘，她哭着问“为什么我和别人不一样”，老人回答“为什么你要和别人一样”。失衡的时候想一想，或是安慰。,neu,neu,pos,neu
206,#好用才推荐# 屈臣氏打折时买的发油 甩施华蔻那些鸡肋的护发喷雾和润发乳好几条街。我头发长 每天两滴也足够。干枯毛躁瞬间抚平闪亮 良心真爱啊！！我要再去屯几瓶。。[心],pos,pos,pos,neg
207,他把头发拉直了，整个人看起来很精神，今天是整个扎起来一个小马尾梳得很紧，插了一个超美的发簪，右边有一束刘海搭下来【飘柔，就是这么自信,neu,pos,pos,neu
208,正品 倒膜膏h油膏 欧莱雅顺柔润泽发膜500ml 头发柔顺亮泽护理http://t.cn/zRqFzBY,neu,neu,pos,neu
209,【视频李冰冰 巴黎欧莱雅奇焕润发精油 2013―在线播放―优酷网，视频高清在线观看】李冰冰 巴黎欧莱雅奇焕润发精油 2013 李冰冰 巴黎欧莱雅奇焕润发精油 2013  http://t.cn/zRtAWL8 （分享自 @优酷网）,neu,pos,pos,neu
210,欧莱雅护发土豪金这个欧莱雅奇焕润发精油 非常好用 洗完头之后 头发变得很柔软 而且很有光泽感 最让我开心的是 头发变得很直很直的 很神奇哦！最喜欢的感恩节礼物了,pos,pos,pos,pos
211,秀发干枯分叉！海飞丝,pos,pos,pos,neu
212,苏宁L’OREAL欧莱雅促销专场 （分享自 @天天都友好） 11月5日至11月12日，苏宁推出了欧莱雅专场促销，场内活动商品加入购物车5折起，无需凑单。从护肤到洗发护发产品都有，大多数商品打折后都能刷新历史最低价。有计划入点欧莱雅产品的朋友们可以看看。 http://t.cn/R7QXvAQ,neu,neu,neu,neu
213,#莹彩修护 温婉迷人#  潘婷莹彩系列为你锁住秀发迷人色泽，保持发色持久莹亮。 很适合我的发质。求中。@村里的栀子花 @孙小婧婧婧婧 @神采飞扬-中国郎2011,pos,pos,pos,neu
214,#PECTA歌唱大赛#潘婷，此刻尽丝滑！ 我在:http://t.cn/8sJ96ID,neu,neu,pos,neu
215,就是要秀发保养好，[色眯眯]所以你会选欧莱雅奇焕润发精油了。奇焕润发精油,pos,pos,pos,neu
216,欧莱雅护发土豪金效果真心好，用后头发完全不会毛躁欧莱雅护发土豪金,pos,pos,pos,pos
217,#古剑奇谭# 叶沉香好年轻哟，嘿嘿嘿[偷笑]这是少白头的节奏么[思考]哈哈哈~艾玛，叶沉香亮了！帅气！白发飘逸的，用过飘柔了吧[哈哈][哈哈][哈哈],neu,neu,pos,neu
218,#我的欧莱雅秀发非凡时刻#我刚参加了一个免费产品的试用活动，一款神奇的护发产品-欧莱雅奇焕润发精油。快来一起和我加入吧，申请链接： http://t.cn/8sM6ULz,pos,pos,pos,pos
219,卓越买的雅漾喷雾，300毫升，才86港币，好多人买，应该不会是假的吧，另外一千毫升的潘婷护发素才39港币，感觉便宜的有点不可思议。,neu,neu,pos,neu
220,#说出一句暴露年龄的广告词# 飘柔：一传十、十传百，变成全国皆知的秘密,pos,neu,pos,neu
221,以前多数用海飞丝的 头发是油性的 那发型师说不用太好的洗发水 用些差一点的可以中和一下 所以自此后都不用这些牌子,pos,pos,pos,neg
222,【顾客忠诚度就是定位忠诚度】-当你一味地强调或者使用顾客忠诚度的方法而脱离或者缺乏定位时，当你把顾客当傻瓜，消费者发现自己是傻瓜时，顾客将远离你。--从品牌的角度上看，顾客忠诚度就是品牌定位的忠诚度，而不是其他。-顾客选择海飞丝是因为去屑、顾客选择法拉利是因为速度。这就是顾客忠诚度。,neu,neu,pos,neu
223,正品欧莱雅毛发补养精疗受损毛躁头发免洗护发素护发精油80ml http://t.cn/zRoE3gQ,neu,neu,neu,neu
224,#金致DNA#你真的了解自己深埋在内心的金致基因是什么吗？测试你的金致DNA，即有机会获得小金瓶――施华蔻金致润养亮采精华液，蕴含奢养树仁精油和液态精粹，迅速提升秀发金致魅力！  地址：http://t.cn/8kI3rsM,neu,neu,neu,neu
225,#欧莱雅奇焕润发精油#大力支持，希望好运垂怜我，让我中个吧，太期待了[嘻嘻]  地址：http://t.cn/zROCjIS,pos,pos,pos,neu
226,清扬洗发水一共有多少系列的？,neu,neu,pos,neu
227,http://t.cn/8k5w89l  德国施华蔻保丽修护洗发水护发素套装洗护套装1250ml+1000ml 需要的私信我 友情价[亲亲],neu,neu,pos,neu
228,超市买了一瓶海飞丝19.8，本以为会找我两毛，没想到很自觉的给了我俩颗糖，呵呵，拿我当孩子哄吧,neu,neu,pos,neu
229,潘婷Clinicare纤细受损头发修护系列专为亚洲女性纤细发质研发，蕴含高端护肤品精华，有助修护严重受损部位，发质强化配方，令细软发质从此不再扁塌无力，告别发量不足而造成的疏落稀疏，让秀发更丰厚健康。,pos,pos,pos,neu
230,正品 欧莱雅海之蓝蛋白干细胞还原修复素800ml 修复极度受损发质 http://t.cn/zQ6jB9r,neu,neu,pos,neu
231,Schwarzkopf 施华蔻 水凝胶原修护 洗发露 400ml，从内：深海胶原蛋白可有效补充发芯每日流失的胶原蛋白，从根本上打好补水基础。从外：高渗透透明质酸，体积1000倍水分子，在秀发表面形成水能量场。适合人群：干枯毛躁发质，主要功效：8重水魔力深层补水，持久润泽，牢牢锁住 水分，解决头发8大缺水问题，使秀发水活新生。 京东商城报价52.8元，参加满199-101，例如购买4件，实付110.2元包邮，折合27.55元，近期好价，其他商城最低报价40+。,neu,neu,pos,neu
232,潘婷洗发露200ml  功效有： 乳液修复 丝质顺滑 垂顺直...http://t.cn/Rvl32T6（分享自 @微店 http://t.cn/8kD2fJZ）,neu,neu,neu,neu
233,感恩节感恩心欧莱雅护发土豪金用起来,pos,pos,pos,neu
234,等我用完欧莱雅奇焕润发精油也要去参加，秀发美美顺顺超级满意~//@翟义强: 李冰冰还挺适合代言润发产品的，她的长发还是挺有辨识度的#欧莱雅炫发大赛#明天我也去入个欧莱雅奇焕润发精油！,pos,pos,pos,pos
235,很喜欢用潘婷，它让健康秀发，你值得拥有@潘婷pantene@美Moo @莎米米xixi @hilllys,pos,pos,pos,pos
236,#秀出来，勇敢爱#我领取了飘柔秀出来徽章。http://t.cn/8FJzzo6  希望我能像飘柔微电影中的女生一样，勇敢去爱，找到属于自己的“志勇”！http://t.cn/8kVLi0A  在下个情人节前，向着自己的幸福和iPhone5S、拍立得大奖出发！,neu,neu,neu,neu
237,"2500份欧莱雅润发精油免费领取 马年“马上顺”,巴黎欧莱雅润发精油（5ML×3） http://t.cn/8F0SZPA",pos,pos,neu,neu
238,#9点秒场#【Pantene 洗发香波2*500ml装[礼物]】洗后可如丝般光滑柔顺，有效抑制头发毛躁：http://t.cn/RvjainM 【Pantene 潘婷护发素2*200ml装】强化毛鳞片，让头发看起来更加饱满健康，防止造型损伤，可与洗发香波配套秒杀，开启囤货模式[偷笑]：http://t.cn/RvjaJia 秒场链接：http://t.cn/8ktMXEi,neu,neu,neu,neu
239,【盛典】施华蔻清屑舒润洗护套装 400ml洗发水露+200ml润发素乳 万人追捧 http://t.cn/8kx6zEY?  [威武] [神马],neu,neu,neu,neu
240,西班牙购入 欧莱雅ELVIVE护发素，绿色修护干枯发质，橙色修护烫染发质。 http://t.cn/8FBsBmX（分享自 @微店 http://t.cn/8kD2fJZ）,neu,neu,neu,neu
241,#我最喜欢的省心价商品#对于长发的我，最喜欢的省心价商品就是08号的潘婷。,pos,pos,pos,pos
242,护发产品里面只爱欧莱雅护发土豪金,pos,pos,pos,pos
243,#乐买个护化妆# 亚马逊：沙宣，海飞丝，丝源男士护发产品　促销详情: http://t.cn/8FFGboc 来自: @乐买推荐,neu,neu,pos,neu
244,小券又来给大家发福利啦~光是5折怎么够，领取【施华蔻官方旗舰店】20元优惠券，双十一下单满200，再立减20元！还有更多活动，马上看看吧！http://t.cn/R7WlcrU,neu,neu,neu,neu
245,我要去给飘柔做代言！ http://t.cn/RhpgWnf,neu,neu,neu,neu
246,肉丸酱 发表于 2014-3-24 19:58:02 对的 但是我觉得不好用啊 就了楼主说的一样 洗发水用了之后超干 一定要用护发素 不然感觉就是枯草. 丝蓓 ... 嗯。我也不喜欢海飞丝。白色资生堂要比蓝色更润一些的感觉。 不过感觉性价比还是力士那个红色的高，洗了头发比较轻盈,pos,pos,pos,neg
247,《潘婷泰国广告（卡农）小提琴版》 感人 的广告，为什么只是广告、、、、 http://t.cn/zOsplSV  （分享自 @土豆网娱乐）  you can shine.  看一次感动一次@mark,neu,neu,neu,neu
248,#欧莱雅精油护发#我在这里许个愿，愿你们的粉丝越来越多，愿自己可以中奖。  地址：http://t.cn/8kBYjQQ,neu,neu,neu,neu
249,#精品购物指南#【型护有规DEADLINE 玩转数字游戏】（从上至下）  巴黎欧莱雅奇焕润发精油 79元/100ml  你知道吗？这可是全球每15秒就会卖出一支，在欧洲和... http://t.cn/zQqPYKt @搜狐新闻客户端,neu,neu,neu,neu
250,#斐，你莫属#施华蔻斐丝丽新品天猫全球首发，0元赢Smart!我一定要坚持下去，我相信有一天奇迹就会出现. 地址：http://t.cn/8sikfYg,neu,neu,neu,neu
251,#潘婷夏日开启闪耀秀发#潘婷开启闪耀秀发  地址：http://t.cn/zT8ws56,neu,neu,neu,neu
252,用了一次欧莱雅护发土豪金感觉很好欧莱雅护发土豪金//@美容健康资讯榜: 感恩节妹纸们有收到#欧莱雅奇焕润发精油#吗？头发感到干枯的时候，随时按压两下，从发丝涂抹至发梢，轻柔按摩秀发；精油渗入发丝，能够水亮丝滑一整天哦！,pos,pos,pos,pos
253,lz今天和朋友去做头发，然后百度了下，找了家感觉还不错而且有团购的。 然后就冒雨奔去了。 之后，我只想说，特么x星的高分你家是花了多少钱刷出来的？？ 我做倒模护理，没有团购，朋友在百度糯米团的烫发券。 刚刚进店，没人招呼，就一个男的站前台那，简单问问之后，朋友就被拉去洗头了。 我就被安排在一个位置听那男的推荐倒模产品，本来想着就是做倒模的，买产品可以多次用，就买了产品，施华蔻丝雅羊绒滋养护理倒模，680，还要加上每次38的洗吹费用。我就想着，可能服务会好点。就买了。。 我比朋友结束得早，无聊就先,neu,neu,pos,neu
254,#蚌埠无痕接发##蚌埠接发前后效果对比##合肥无痕接发##蚌埠接发#关注@Super___Mark转发此条微博并@ 您的3位好友 12月1日~10日将由@转发抽奖平台 抽出转发分享最多的前3位妹子 免费无痕接发 所有转发分享的妹子 都可以免费领取潘婷洗护套装一套  还等什么 快点行动吧微信thz625950 http://t.cn/R7V0SvW,neu,neu,pos,neu
255,宝洁成被山寨大户 400ml山寨海飞丝成本仅5毛，上我查查黑榜了。 http://t.cn/zTdWmS8,neu,neu,neu,neu
256,#欧莱雅精油护发#感谢小编为我们奉献这么精彩的活动！[礼物]  地址：http://t.cn/8kBYjQQ,pos,neu,neu,pos
257,#男士护发革命#沙宣、海飞丝丝源复活男士新品盛大上市，逆重挺立造型，丰盈厚韧头发即刻拥有，现在开始新品套装5折限量起售，找到专属你的护发装备@亚马逊 @宝洁生活家@小手牵大手不离 @做洗脸盆子逛松花江 @幸福天使刘娇娇,neu,neu,pos,neu
258,#汉高圣诞合家欢#最先看到的是：丝蕴，施华蔻，光明！,neu,neu,neu,neu
259,三八妇女节马上就要来了，快来发挥你的想象力，看你能不能逗乐你的小伙伴哦。了解下图中的故事，然后任意选择扮演要求中的角色，[ali想]说出他（她）脑中的奇葩闪念吧！另外，欧莱雅润发精油全国免费试用正在火热进行中，赶紧点击链接http://t.cn/8FjTYTV申请吧~[转发],neu,neu,neu,neu
260,#没得比个护化妆#易迅[上海分站]：手快有 华东： 飘柔 倍瑞丝专效护理专研顺滑700mlx2 优惠装  折合27.4元 促销价格￥27.40 http://t.cn/Rv1cVPJ,neu,neu,neu,neu
261,ELLE中文网联手宝洁生活家以爱之名，为您诚意奉上“为爱变身王牌“礼盒，让您摇身蜕变，成为令人瞩目的男神/女神！马上申请礼盒完美变身，成就更有型、更自信、更洁净的完美的你！ 礼盒豪华阵容： 1.王牌除毛：维纳斯Venus&Olay除毛刀 (1刀架1刀头) 2.王牌洁净：亚洲首发碧浪洗衣凝珠一盒500g 3.王牌打底：沙宣男士净化打底洗发水180ml ELLE中文网会员福利： ELLE中文网为会员独家抢先试用！登陆申请页面，只要写下申请理由并愿意收到礼盒后填写试用报告，注明ELLE中文网会员ID,neu,neu,pos,neu
262,欧莱雅精油护发支持一下 感觉挺不错的 地址：http://t.cn/8kBYjQQ,pos,pos,neu,pos
263,我试用了沙宣修护水养洗发露，我觉得：很不错，洗后很柔顺，个人比较喜欢这个牌子。 （分享自 @喜试网） http://t.cn/zQXPhP9,pos,pos,pos,pos
264,L'oreal/欧莱雅护发精油免洗护发素头发卷发尾油毛鳞片修复精华液    便宜了：17.50元。     http://t.cn/zTUdYaJ,neu,pos,neu,neu
265,【视频『泰国潘婷广告 - 化碟』Pantene - Chrysalis -You.Can.Shine―在线播放―优酷网，视频高清在线观看】『泰国潘婷广告 - 化碟』Pantene - Chrysali... http://t.cn/h9EHGP （分享自 @优酷网）,neu,neu,pos,neu
266,#金致DNA#测试你有哪种金致基因，赢施华蔻小金瓶！我来啦，参加活动，收获惊喜，祝小编天天开心，祝我好运降临，(*^__^*) 嘻嘻… 地址：http://t.cn/8kI3rsM,neu,neu,neu,neu
267,【打折信息】接上条微博呵。4。巴黎欧莱雅护发油，效果不多说，国内又死贵有木有，折后8.4澳币。5。一定要推荐给女生用的免水洗发喷雾剂，不方便那几天或者要出门没时间洗头？别再用痱子粉啦，方便又香喷喷的喷雾来了，折后200ml 6澳币，50ml 3澳币！6。其他推有sukin，Al'chemy，具体问掌柜啦[爱你],neu,neu,pos,neu
268,#春日好礼#Vidal Sassoon(维达沙宣)，这个充满了传奇色彩的世界美发巨匠，对追求完美的美发造型艺术始终饱怀激情。  地址：http://t.cn/8sqDwXT,pos,neu,neu,pos
269,#有奖转发#【施华蔻幻彩染发霜】@388夏夜真 @细喵灬 @异梦菲儿,neu,neu,neu,neu
270,"#金致DNA#测试你有哪种金致基因，赢施华蔻小金瓶！强势围观不错,谢谢啦,强烈顶起来 地址：http://t.cn/8kI3rsM",neu,neu,neu,neu
